Workbook

Sheet round1_CuSOD
A1: Name | B1: Group | C1: Activity (5μg/mL) | D1: Expression | E1: Solubility | F1: Purification | G1: expressed sequence | H1: tagged sequence
A2: N39_0.544 | B2: ASR | C2: N | D2: N | E2: N | F2: N | G2: ATGACCATTTACACCACAGACGGCAAACATAAATCCATTGGTCATATCACACTGGAAGACACAGCTTATGGTGTGCTGTTCATTCCAGACCTGCACAATCTGCCACCCGGCCTTCATGGTCTCCATCTTCACGTAAACCCATCTTGCGGCCAACAGGGAATGGCAGCAGGCGGCCACTACGATCCACAGAAAACCGGCAAACATGAGGGACCTTATTCTGACGGTCACCTCGGAGACCTTCCCGTGCTGTACGTCGATGAAAACGGGACTGCGACGACACCGACTTTAGCTCCGCGTCTGAAACTTAATGATTTAAATAATCACGCTCTGATGATCCACGCGGGCGGCGATAATTATTCAGATGATCCCAAGCCGCTCGGTGGTGGCGGTGCGCGGGTAGCCTGTGGAGTGATCGCGGCCGCACTCGAGCACCACCACCACCACCACTGA | H2: MTIYTTDGKHKSIGHITLEDTAYGVLFIPDLHNLPPGLHGLHLHVNPSCGQQGMAAGGHYDPQKTGKHEGPYSDGHLGDLPVLYVDENGTATTPTLAPRLKLNDLNNHALMIHAGGDNYSDDPKPLGGGGARVACGVIAAALEHHHHHH*
A3: N201_0.643 | B3: ASR | C3: N | D3: Y | E3: Y | F3: N | G3: ATGGCCGTGGTTGCCCTCAGTGGAGGGTCAGGCGTGACGGGCAATATCACGTTTATCCAACAGCAGGATGATGGGCCGGTGAGAGTCACCGGGACAATCTCGGGGTTAACTCCAGGGAAACACGGTTTCCACGTACATGAAAAAGGAGACCTGTCAAACGGGTGCGTAAGTGCAGGCGGTCACTTTAACCCGGAAAACAAGAATCATGGCGCCCCTAACGATACTGAACGCCATGTGGGTGATCTGGGAAATATCGAAGCAGATGAAAATGGTGTTGCGACGATAAACATCACAGATAGCGTTATTTCTTTAACAGGTCCACATTCAATTATCGGACGTGCTGTGGTAGTGCATGCGGATGCGGATGATCTGGGTAAAGGCGGAAACGAAGAATCCAAGAAAACCGGCAACGCGGGGGGTCGTGTCGCTTGTGGCGTGATTGCGGCCGCACTCGAGCACCACCACCACCACCACTGA | H3: MAVVALSGGSGVTGNITFIQQQDDGPVRVTGTISGLTPGKHGFHVHEKGDLSNGCVSAGGHFNPENKNHGAPNDTERHVGDLGNIEADENGVATINITDSVISLTGPHSIIGRAVVVHADADDLGKGGNEESKKTGNAGGRVACGVIAAALEHHHHHH*
A4: N5_0.362 | B4: ASR | C4: Y | D4: Y | E4: Y | F4: Y | G4: ATGCGTGCGACTCTGATTGATGCTCAGGGCCAAAAGGTTGGTACCGCAACATTAACACAGACTCCAGAGGGGGTAAAGATAACTGTCGAAGTCAGCAATCTTCCTCCGGGCACCCACGGTTTCCATATCCATGAAAATGGGAAGTGTGAACCACCTGATTTTAAAAGTGCTGGGGGACATTTTAATCCAGCCAATAAACAACACGGGTTAAAGAACCCCGAGGGGCCACACGCAGGCGACTTACCTAACATTGAAGTGAACCCAGACGGAACTGCTAAGGCAGAAGTCGTTGCAAAACGGGTGACCCTCGAAAAGGGCGAACCGAATTCCCTTTTTAAAGAAGGCGGAACCTCATTGGTTATTCATGCCGGGGCGGATGATTACAAAACAGACCCGGCGGGTAACAGTGGAGCACGCATCGCATGCGGGGTGATTGCGGCCGCACTCGAGCACCACCACCACCACCACTGA | H4: MRATLIDAQGQKVGTATLTQTPEGVKITVEVSNLPPGTHGFHIHENGKCEPPDFKSAGGHFNPANKQHGLKNPEGPHAGDLPNIEVNPDGTAKAEVVAKRVTLEKGEPNSLFKEGGTSLVIHAGADDYKTDPAGNSGARIACGVIAAALEHHHHHH*
A5: N63_0.866 | B5: ASR | C5: N | D5: N | E5: N | F5: N | G5: ATGGTTGATATGAAGGATTTAGATAGCGGAAAGGCGATCGGTACTGTTACAATTTCTGAATCAGAATACGGTCTCGTTTTTACCCCGAATCTTAAAGGGCTGCCTCCAGGCATTCACGGTTTCCACATTCATGAGAATGCATCATGTGAGAGCGCGGAAAAAAATGGCAAAACCATACTCGGGGGTGCAGCAGGTGGCCATTATGACCCCGAGAAAACTGGGAAACATGGTTTCCCATGGTCAAATGACAATCACCTGGGTGATCTGCCTGCTCTGTATGTAGATATGGATGGGATGGCGACTCAACCAGTTTTGGCACCCCGAATTACACTTAGTGACTTAAAAGGGCGGGCCCTTATGATTCATGCAGGCGGTGATAACCATAGCGATCATCCTAAGAAGTTGGGTGGCGGCGGAGCGCGTGTTGTATGTGGCGTGATTGCGGCCGCACTCGAGCACCACCACCACCACCACTGA | H5: MVDMKDLDSGKAIGTVTISESEYGLVFTPNLKGLPPGIHGFHIHENASCESAEKNGKTILGGAAGGHYDPEKTGKHGFPWSNDNHLGDLPALYVDMDGMATQPVLAPRITLSDLKGRALMIHAGGDNHSDHPKKLGGGGARVVCGVIAAALEHHHHHH*
A6: N230_0.862 | B6: ASR | C6: N | D6: Y | E6: N | F6: N | G6: ATGGCGGTTCTGCATCCAACGGAAGGGAATAAAGTTACCGGTACTGTTACTTTTACCCAGACGGATGATGGAGTCAAAGTTACGGCAGACGTAACCGGACTCACTCCGGGGAAACATGGGTTTCATATACACGAGTTCGGTGACTGTTCAGCCCCTGATGGGACTAGCGCCGGTGGACATTTCAATCCCACAAACAAACCACACGCCGGCCCGGACGCTGCAGAAAGACATGTAGGGGACTTAGGTAATATCGAAGCCGATGCAGATGGTAATGCCACCCTGGAGTTTGTTGATTCCCGCATTAGCTTGAATGGCGGAAATCATTCAATAATTGGCCGTGCCGTTATTGTACATGCGAAGGCAGATGATTTAAAATCTCAGCCAACCGGAAACGCAGGAGGTCGAATTGCGTGCGGTGTCATCGCGGCCGCACTCGAGCACCACCACCACCACCACTGA | H6: MAVLHPTEGNKVTGTVTFTQTDDGVKVTADVTGLTPGKHGFHIHEFGDCSAPDGTSAGGHFNPTNKPHAGPDAAERHVGDLGNIEADADGNATLEFVDSRISLNGGNHSIIGRAVIVHAKADDLKSQPTGNAGGRIACGVIAAALEHHHHHH*
A7: N64_0.834 | B7: ASR | C7: Y | D7: Y | E7: Y | F7: Y | G7: ATGGTTGATATGAAAGACCTGAAAACAGGTAAATCCATCGGAACAGTTACAATATCTGAATCCGAATACGGGCTGGTGTTTACACCGAATCTGAAAGGCTTACCCCCAGGAATACACGGCTTTCACGTACACGAGAATGCTTCATGTGAACCCGCAGAAAAAGATGGCAAAATGGTTCTGGGTGGAGCTGCAGGAGGCCATTATGATCCGGAGAACACGGGCAAACATGGGTTCCCGTGGAGCAATGACAATCATCGCGGAGATCTCCCGGCCCTGTATGTAGATAAAGATGGCATGGCAACCCATCCTGTTCTGGCACCGAGATTGACATTAGATGACTTAAAAGGCCGCGCCTTAATGATTCATGCAAACGGTGATAACTATTCGGATCACCCGAAGCCTTTAGGAGGAGGGGGCGCGCGAGTGGCTTGCGGGGTAATTGCGGCCGCACTCGAGCACCACCACCACCACCACTGA | H7: MVDMKDLKTGKSIGTVTISESEYGLVFTPNLKGLPPGIHGFHVHENASCEPAEKDGKMVLGGAAGGHYDPENTGKHGFPWSNDNHRGDLPALYVDKDGMATHPVLAPRLTLDDLKGRALMIHANGDNYSDHPKPLGGGGARVACGVIAAALEHHHHHH*
A8: N316_0.952 | B8: ASR | C8: N | D8: Y | E8: N | F8: N | G8: ATGACGGCTGAGATTATGGGTGCAGAGGGAAAAACACTGGGTACCGTTACAGTTACTGCTACTCCCTCCGGAATTGTCCTGGTTACGTTAGCCCTCACGGGCTTGCCTCCAGGCATCCATGCTGTGCACCTGCATCAGACTGGTGCATGTGAAGCGCCAGATTTTGAGAGTGCCGGAGGACATTTAGCTGGTGACGGCGAACATGGAGTTCTTGCGGAAAATGGGCCCCACCCGGGCGATATGCCAAATATCCACGTACCAGAAGGGGGTGCCTTGACCGTCGAATATTTCATACCTGGACTGACACCGGAAATGGTAGCCGACGAAGACGGGAGTGCCATAATTATTCATGCGCAGGCCGATGACTACCGCGGTCAACCCTCTGGTCATGCGGGTGGTCGCATTGCTTGCGGCGTGTTTGCGGCCGCACTCGAGCACCACCACCACCACCACTGA | H8: MTAEIMGAEGKTLGTVTVTATPSGIVLVTLALTGLPPGIHAVHLHQTGACEAPDFESAGGHLAGDGEHGVLAENGPHPGDMPNIHVPEGGALTVEYFIPGLTPEMVADEDGSAIIIHAQADDYRGQPSGHAGGRIACGVFAAALEHHHHHH*
A9: N34_0.772 | B9: ASR | C9: Y | D9: Y | E9: Y | F9: Y | G9: ATGAATGCTGTTACCGCGGACGGGGTAGGTAAATCAATTGGAACAGTTACCATTGAAGAAACGCCTTATGGCCTGCTTTTCACCCCGGATCTTAAAGGCCTCCCTCCGGGCTTACACGGTTTTCACGTCCATGAGAACCCATCTTGTGAGCCAGCTGAGAAAGACGGCAAAACCGTGGCGGCATTGGCGGCGGGAGGTCACTATGATCCAGAAAATACCGGCAAACACGAAGGGCCTTACGGCGATGGTCATTTGGGGGACTTGCCCGCATTATACGTGGACGCGGATGGTACAGCAACTACTCCGGTTCTTGCACCGCGCTTAAAACTTGATGATATTAAAGGACATGCCCTCATGATCCATGCAGGCGGTGATAATTACTCGGACCATCCGAAGCCCTTAGGCGGAGGAGGAGCGCGCATTGCGTGCGGTGTTATTGCGGCCGCACTCGAGCACCACCACCACCACCACTGA | H9: MNAVTADGVGKSIGTVTIEETPYGLLFTPDLKGLPPGLHGFHVHENPSCEPAEKDGKTVAALAAGGHYDPENTGKHEGPYGDGHLGDLPALYVDADGTATTPVLAPRLKLDDIKGHALMIHAGGDNYSDHPKPLGGGGARIACGVIAAALEHHHHHH*
A10: N311_0.882 | B10: ASR | C10: N | D10: Y | E10: Y | F10: Y | G10: ATGACAGCCGAACTCAAAGACGCGGACGGTAAAGCGGTGGGAACAGTTACGCTGACCGAAACGCCGTCAGGTGTGCTGATAACCGCTGATCTCACTGGGCTGCCACCAGGTGAACATGGGTTTCATATCCATGAAACCGGCGCCTGCGAACCAGACTTTAAGAGCGCTGGGGGACATTTCAATCCGGCTGGTGACGAACACGGTCTGATGGCGGAAGGAGGCCCGCACGCGGGTGATATGCCGAACATTCATGTGCCCGAAGACGGTAAACTGCGTGTCGAGGTCTTTAATCCTGGTGTCACTTTAGCGAGTGGAGAACCGAATGACCTGTTTGATGAGGATGGCTCAGCGATCGTTATTCATGCGGGCGCAGACGACTACCGTAGCCAGCCATCTGGTGATGCGGGAGATCGCATTGCATGTGGCGTTATTGCGGCCGCACTCGAGCACCACCACCACCACCACTGA | H10: MTAELKDADGKAVGTVTLTETPSGVLITADLTGLPPGEHGFHIHETGACEPDFKSAGGHFNPAGDEHGLMAEGGPHAGDMPNIHVPEDGKLRVEVFNPGVTLASGEPNDLFDEDGSAIVIHAGADDYRSQPSGDAGDRIACGVIAAALEHHHHHH*
A11: N97_0.752 | B11: ASR | C11: N | D11: Y | E11: N | F11: N | G11: ATGCATGCTATTGATGCGGAGGGCGTAGGAAAAGCTATCGGTACGGTTACCATTCGGGACACACCGGATGGTTTAGTGTTCACCCCGGATCTGTCAGGGTTACCGGCCGGGGCACACGGCTTTCATCTCCACGAAAATGGGAGCTGCGGCCCAGGCGAAAAAGATGGAAAAACTGTGGCAGGCCTGGCTGCCGGGGGTCACTACGACCCAGAAAATACGGGAAAGCATTTGGGACCTTATGGCGTGGGCCACAGAGGGGATCTGCCTGTACTGGTAGTCGCGGCTGATGGAACAGCGACCACTCCTGTAGTTGCGCCACGCTTAAAAGTATCCGATGTCAAGGGCCGTGCATTAATTATACACGCGGGCGGTGATAATTATTCACAAGAACAGCCCCTTGGCGGCGGTGGGGCGCGCATTGCCTGCGGAGTGATCGCGGCCGCACTCGAGCACCACCACCACCACCACTGA | H11: MHAIDAEGVGKAIGTVTIRDTPDGLVFTPDLSGLPAGAHGFHLHENGSCGPGEKDGKTVAGLAAGGHYDPENTGKHLGPYGVGHRGDLPVLVVAADGTATTPVVAPRLKVSDVKGRALIIHAGGDNYSQEQPLGGGGARIACGVIAAALEHHHHHH*
A12: N353_0.977 | B12: ASR | C12: N | D12: N | E12: N | F12: N | G12: ATGACGGCGTCTCTTAAGACTGCAGATGGTAAAGCAGCTGGCACAGCAACCGCGACTGAGACGGATGGGGGTGTTCGGGTGGCAGTAAATGCGACAGGACTGCCGCCCGGGGAACACGGTGTTCATGTGCATATGACCGGGAAATGTGATGCTCCTAAATTTGAAACGGCAGGTGGCCATTGGAATCCTACTGGCGCGCAACATGGGTTGATGAATCCGCAAGGCCCGCATGCCGGTGACATGCCCAACTTAACCGTGGGGGCTGATGGTCGCGGCACACTCGCCTATACCATCAAAGGCGCTACACTCGCGGGCTTACTGGATGCCGACGGAGCGGCTCTTGTGGTCCATGCATCGGCAGATGACCAAAAGACCGATCCGAGCGGTAATTCCGGTGATCGGATTGCTTGCGGAGTTTTTGCGGCCGCACTCGAGCACCACCACCACCACCACTGA | H12: MTASLKTADGKAAGTATATETDGGVRVAVNATGLPPGEHGVHVHMTGKCDAPKFETAGGHWNPTGAQHGLMNPQGPHAGDMPNLTVGADGRGTLAYTIKGATLAGLLDADGAALVVHASADDQKTDPSGNSGDRIACGVFAAALEHHHHHH*
... A19: N382_0.622 | B19: ASR | C19: Y | D19: Y | E19: Y | F19: Y | G19: ATGAACGTGAGCCTGATTAACGCCGAAGGGGAAAAGATTGGTACTGCAATGCTGACCCAGACATCCGAAGGTGTGAAGATAACACTGGAGGCTGAAAACCTGCCGCCAGGAACGCACGGTTTCCATATACACGAAAACGGCAAATGCGAGCCTCCAGATTTTAAGTCTGCGGGAGGACATTTTAACCCGACTAATAAACAGCATGGCTTCGAAAATCCTAAAGGTCCACATGCAGGTGATCTGCCTAATATAGAAGTTAACCCTGACGGAACAGTAAAAGCCGAGTTCGTTGCAAAACAGGTTACCCTGGAAAAAGGTAAGCCGAACTCTCTGCTCAAAGAAGGCGGCACCTCACTGGTCATTCATGAGAAAGCGGACGATTACAAAACTGATCCAGCAGGCAACTCTGGCGCACGAATTGCATGTGGGGTGATCGCGGCCGCACTCGAGCACCACCACCACCACCACTGA | H19: MNVSLINAEGEKIGTAMLTQTSEGVKITLEAENLPPGTHGFHIHENGKCEPPDFKSAGGHFNPTNKQHGFENPKGPHAGDLPNIEVNPDGTVKAEFVAKQVTLEKGKPNSLLKEGGTSLVIHEKADDYKTDPAGNSGARIACGVIAAALEHHHHHH*
A20: 1201 | B20: ESM-MSA | C20: N | D20: Y | E20: N | F20: N | G20: ATGGTACAAATATATAATCAGTCTGGAGACAAAGTTGGTACAGCGAAATTTGCCCAGGAGGCAAAAGGTGTAAAAGTTAGCATTAAAGCAGAGGGATTTACGCCGGGCACCCACGGCGTTCATGTTCATGAAACGGGTCAGTGTAAAGCACCAGACTTTAGTAGTTCCGGAAAACATCTTAACCCCAATAATAAAAAGCATGGCATCTTGAATCCTGAAGGACCGCATAACGGCGACTTACCCAATATTGTAGCTGACAAGAGTGGTATGATTAAAATGAATATGGTGGCCCCGAAAGTGGCTCTGAAGGAAGGAAAGGACATGACCCTGCTGCGGAAAGACGGTGCTTCATTAATAATCACCGAGAAGCAAGATGATGGTATGGTTCAGCCCGCCGGCAATAGTGGTAAACGAATGGCCTGTGGTGTTATTGTGAAAGAAGCCTCGGAAACTAAAAAAGAAGCGGCCGCACTCGAGCACCACCACCACCACCACTGA | H20: MVQIYNQSGDKVGTAKFAQEAKGVKVSIKAEGFTPGTHGVHVHETGQCKAPDFSSSGKHLNPNNKKHGILNPEGPHNGDLPNIVADKSGMIKMNMVAPKVALKEGKDMTLLRKDGASLIITEKQDDGMVQPAGNSGKRMACGVIVKEASETKKEAAALEHHHHHH*
A21: 4798 | B21: ESM-MSA | C21: N | D21: Y | E21: Y | F21: N | G21: ATGACAGTTGAAATTCTGAATACAAAAGGGGATTCCGTGGGTACCGCAGAGATCGAACCCGAGTCAGACGGTGTGGGCGTAGTGTTGAATCTTGAAAACCTGGAGTCTGGTGAACACGGACTGAAATTTCACGATGCCGGTAAGTATGAAACTCCGGGGTTCAATAGCGCCGGAGAGCCGTTCGCTCAGGAGATGCAAACTATTGAAATCGGAGAAGACGGAGTTGCGAAAGATGAATTTATAGTCCAAAACGTTACTCTGAAAAAGGATGCCGAGAACAGTCTGCTGAAAGACGACGGCACAGCACTGATTGTCTATTCTGGCGAAGATGCAGGCGAGTGCATTGCCTGCGGTGTGGTGGCGGCCGCACTCGAGCACCACCACCACCACCACTGA | H21: MTVEILNTKGDSVGTAEIEPESDGVGVVLNLENLESGEHGLKFHDAGKYETPGFNSAGEPFAQEMQTIEIGEDGVAKDEFIVQNVTLKKDAENSLLKDDGTALIVYSGEDAGECIACGVVAAALEHHHHHH*
A22: 1432 | B22: ESM-MSA | C22: N | D22: Y | E22: N | F22: N | G22: ATGACGGCCAATCTGAAAGATGCACAGAATCGATTGATTGGCGTGGCCACCTTTTCGGAGCTCGAGAATCGCTTAGTAAGAATTCACGTTTCAGCGAAGGGATTACCGCCGGGTCGTCACGGCATACATATACATGAAGTTGGCAATTGCACAGCTCCAACGTTCGTAAGTGCAGGAGGCCACTATAATCCACTGGGCCGTGAGCACGGCATCGAAAATCCGAAAGGACCGCATGCCGGCGATCTGCCAAATCTGATTGTAGAAGAGGATGGGACAGCAGCCTTAGATGTGGTTACTAATCTGGCGACATTAAGTTCTACAGCAGATTCTTTATTTCAGGCAAATGGAACGAGTTTGGTGATTCATGCCCTGCCAGATGATCAGAAGTCAAACCCATCCGGAAATAGCGGAGATCGCATTGCCTGCGGTGTTATTGCGGCCGCACTCGAGCACCACCACCACCACCACTGA | H22: MTANLKDAQNRLIGVATFSELENRLVRIHVSAKGLPPGRHGIHIHEVGNCTAPTFVSAGGHYNPLGREHGIENPKGPHAGDLPNLIVEEDGTAALDVVTNLATLSSTADSLFQANGTSLVIHALPDDQKSNPSGNSGDRIACGVIAAALEHHHHHH*
A23: 4803 | B23: ESM-MSA | C23: N | D23: N | E23: N | F23: N | G23: ATGCAGATCAACCCCGTAAACGGGGATAAAGACGTGGGTCGGGTTGAAGTGAAGGAGAGCGCCTACGGTTTACTTTTCACGCCGAAACTGACTAACCTGCCGCACGGTCTGCACGGGTTCCACATCCATGAAAAACCGAGTTGTGAACCAGCCGAGAAAAATGGGAAAGTTGTAGCCGCGCTCGGCAGTGGTGATCATTGGGATCCAAAACACACCAAGCAGCATGGTTATCCTTGGGGCGACGATTCCCATATGGGTGACCTGCCGGCTCTGTTTGTAAATCAGGATGGGAGCGCCCAGACGCCTGTGCTGGCACCCCGTCTGCCAGACTTGGCTGACGTCAAAGGCCGAAGCTTGATGTTACACGCAGGAGGTGATAACTATTCTGATCACCCTGATCCACTGGGGGGAGGTGGAGGTAGACTGGCCTGCGCCGTCATGGCGGCCGCACTCGAGCACCACCACCACCACCACTGA | H23: MQINPVNGDKDVGRVEVKESAYGLLFTPKLTNLPHGLHGFHIHEKPSCEPAEKNGKVVAALGSGDHWDPKHTKQHGYPWGDDSHMGDLPALFVNQDGSAQTPVLAPRLPDLADVKGRSLMLHAGGDNYSDHPDPLGGGGGRLACAVMAAALEHHHHHH*
A24: 1949 | B24: ESM-MSA | C24: N | D24: Y | E24: N | F24: N | G24: ATGCGAATTAAAATGGGGCCGTTATATCCGGAATTGAATGGAGTTGCATATTTTATTAGCGAACCAGGCGGTACAAGAGTAAGCGTCGAAGTTACCGGTTTGCCGCCTTATGATCCTGATACCGATGAGCAGTACCCTATTGGCCCCCATGGTCTTCACGTGCACAAATTCGGTACCTGTAAAGTAGGAGACCCGAATGACCCTTTCGAGGCGGCTGGGGGACACTACGCACCAGATGCTGAGCATGGCCCGCATCATGCCGGTGATATCCCCGTTCTTTTCAGTAATAATGGCCAGGCTCGTATGACTGTTTTCACTGCTGATTATGCCGTGGATGACGTTGTTGGCCGCGCAGTAGTGATTCACGACGTGCCGGATGATTATGAGAGTCAACCTGCGGGCGATGCGGGCCATCGCTTAGCATGTGGCGTCATTGCGGCCGCACTCGAGCACCACCACCACCACCACTGA | H24: MRIKMGPLYPELNGVAYFISEPGGTRVSVEVTGLPPYDPDTDEQYPIGPHGLHVHKFGTCKVGDPNDPFEAAGGHYAPDAEHGPHHAGDIPVLFSNNGQARMTVFTADYAVDDVVGRAVVIHDVPDDYESQPAGDAGHRLACGVIAAALEHHHHHH*
A25: 2417 | B25: ESM-MSA | C25: N | D25: N | E25: N | F25: N | G25: ATGCAACTTAACCCTGCTAATGGCGCCAAAGCAGTTGGCACCGTATCCGTCAGTGAAAGCAAATACGGACTGGTTTTCACACCTAATTTAGCAGGATTAAGCCCCGGCATTCATGGATTTCATATTCATGAAAACGCCAGCTGTGCGCCTAGAGAAAAGGATGGGAAGGTCACAGAGGCGCTGGGCGCAGGAGGCCACTGGGACCCAAAGGAAACCAAAAAACACGGGTACCCGTGGCAGCAGGGGGCGCATATTGGAGATCTGCCCGCCCTGAACGTGAATCACGATGGTACGGCTAAATACCCTGTTCTGGCGCCTCGGCTGAAGAAGCTCTCGCAGATTAAAGGTCGTTCATTAATGGTACACGCAACCGGTGATAACCATTCTGATCATCCGGAACCACTGGGGGGCGGAAAAGGTCGCATGGCGTGTGGCGTGATTGCGGCCGCACTCGAGCACCACCACCACCACCACTGA | H25: MQLNPANGAKAVGTVSVSESKYGLVFTPNLAGLSPGIHGFHIHENASCAPREKDGKVTEALGAGGHWDPKETKKHGYPWQQGAHIGDLPALNVNHDGTAKYPVLAPRLKKLSQIKGRSLMVHATGDNHSDHPEPLGGGKGRMACGVIAAALEHHHHHH*
A26: 187 | B26: ESM-MSA | C26: N | D26: N | E26: N | F26: N | G26: ATGGCTGTGTGTGTGGTACGTGGCGACTCTTCCGTCAAGGGCGTTGTCGTATTCGAGCAGGCCAGTGAGAACTCCCCAACTCGTATTACGTATGAAATAACCGGCAACGACCCAAATGGGGTACGCGGTTTTCATGTCCACGAGTTTGGAGATAATACCTCAGGTTGCACGTCTGCGGGTCCTCATTTTAACCCATTTGGAAAAGGCCACGGCGCTCCACGAGATAAAGATCGCCATGTCGGTGACATGGGCAATATTACCACCGATGCCAACGGTAATGCCCAAGGTACCATGGAGGACAGCAATGTTTCACTGTTTGGGCCGGACACCATTATAGGTCGTACAGTAGTTGTGCACGCCGGTACCGATGACCTGGGAAAGGGTAACATCGAGGAAAGTCTGAAGACCGGCCACGCCGGCCCTCGCCCCGCCTGCGGGGTGATCCTGCTGTTAATTTTTCTGAAGATAAAATTTGCGGCCGCACTCGAGCACCACCACCACCACCACTGA | H26: MAVCVVRGDSSVKGVVVFEQASENSPTRITYEITGNDPNGVRGFHVHEFGDNTSGCTSAGPHFNPFGKGHGAPRDKDRHVGDMGNITTDANGNAQGTMEDSNVSLFGPDTIIGRTVVVHAGTDDLGKGNIEESLKTGHAGPRPACGVILLLIFLKIKFAAALEHHHHHH*
A27: 2931 | B27: ESM-MSA | C27: N | D27: Y | E27: Y | F27: Y | G27: ATGAAACTGGTGACGGATCAGGGTATCGGCAAAAGTATAGGCGAAATTACCGTGGCGGAAACCCCGTATGGCCTTTTATTTACCCCAGACGTCCACGGTCTTGCACCGGGGATTCATGGCTTCCACTTACATACTATCGCATCATGTGCAGCGGGCGTAAAAGATGGTAAACCTGTCCCGGCTCTGGCCGCTGGTGGGCATTTAGATCCTGAAAACACGCTGAAACACTTAGGTCCATATGACGATAAGGGCCATCTGGGCGATTTACCGGGTTTGTACGTCGGCTCTGATGGCAATGCCACAGCGCCCCTTCTCGCGCCCCGAGTTAAGGCTTTAATGGACCTGAAAGGGCATAGTTTAATGATCCATAAGGGTGGCGATAATTATGCCGACCAGCCTGCTCCGCTGGGTGGTGGCGGTGCTCGCTTTGCTTGTGGTGTCATTGCGGCCGCACTCGAGCACCACCACCACCACCACTGA | H27: MKLVTDQGIGKSIGEITVAETPYGLLFTPDVHGLAPGIHGFHLHTIASCAAGVKDGKPVPALAAGGHLDPENTLKHLGPYDDKGHLGDLPGLYVGSDGNATAPLLAPRVKALMDLKGHSLMIHKGGDNYADQPAPLGGGGARFACGVIAAALEHHHHHH*
A28: 1505 | B28: ESM-MSA | C28: N | D28: Y | E28: N | F28: N | G28: ATGACCATTGAAGGTGGTCCGTTGGCCCCAGGTCTCAAGGGAGTCGTGTACTTTCGCGAAGTGAAGGGTGGTACGGAGGTCCGTGTTGAAGTGATAGGCTTGCCCCGCTATAAACCGGCGGCAAATGATGCACAGCCAGTCGGCCCGCACGGCTTCCACATCCACGTAAATGGTAGTTGCAAAACCGGCGACCCGAGTAATCCTTTCGAAAGCGCCGGCGATCACTGGAACCCTACCAACCAACCTCATGGGAACCATGCCGGTGACTTTCCAGTTCTGTTCTCTAATAACGGATATGCAAGAATGAGCTTTTTCACAAATAAATTCAAGGTTCAGGACGTGGTGGACCGTGCCGTGATGATTCATGAATCTCCCGATGATTATAGATCTCAGCCGTCGGGCAAAGCCGGTAAACGGCTGGCATGTGGGGTAATAGCGGCCGCACTCGAGCACCACCACCACCACCACTGA | H28: MTIEGGPLAPGLKGVVYFREVKGGTEVRVEVIGLPRYKPAANDAQPVGPHGFHIHVNGSCKTGDPSNPFESAGDHWNPTNQPHGNHAGDFPVLFSNNGYARMSFFTNKFKVQDVVDRAVMIHESPDDYRSQPSGKAGKRLACGVIAAALEHHHHHH*
A29: 196 | B29: ESM-MSA | C29: N | D29: Y | E29: N | F29: N | G29: ATGGTCGATATGAAGAACATGCAAACGGGCGAAAAGATCGGAACTGTTGTGATCAGCCAGCACCAGTACGGTACTATTTTCACTCCGAACTTGTTTTCTCTCCCAGCGGGCGCTCATGGCTTCCATCTTCATCATAAAGCAAGTTGTGAAGCAGCGCAAAAAGATGGTGCCATGGTCCCGGCAGGCTCGGCAGGTGGTCACTATGATCCGAAAAAGACGGGCAAACACGCGGAGCCGTGGGATTTTCACGGTCATGCTGGTGACTTACCAGTGCTGTATGTCGATAAAAACGGTATGGCGAGCCAGCCAGTGTTGGCGCCGCGTCTCACATTAAAAGAGGTTAAAGGCCGTAGCCTTATGATCCATGCCGGAGGAGACAACTATTCTGACGATCCGAAAAAGCTGGGAGGCGGAGGGGGTCGTTTAGCGTGTGGTGTCATCGCGGCCGCACTCGAGCACCACCACCACCACCACTGA | H29: MVDMKNMQTGEKIGTVVISQHQYGTIFTPNLFSLPAGAHGFHLHHKASCEAAQKDGAMVPAGSAGGHYDPKKTGKHAEPWDFHGHAGDLPVLYVDKNGMASQPVLAPRLTLKEVKGRSLMIHAGGDNYSDDPKKLGGGGGRLACGVIAAALEHHHHHH*
A30: 3209 | B30: ESM-MSA | C30: N | D30: N | E30: N | F30: N | G30: ATGGCTGTCATCGATGCCGATAGCACTTCAAATGCCAACGGCACCGTAACCTTCACTGAAGAAGGCTCTACAGTAAAAATGGAAGCCCTTCTCTCAGGCCTGACTCCGGGCAAACATGCAATCCACATACATGAAAATGCTGACTGTTCCGCTGCCGACGGTACGTCAAGTGGCGGCCATTGGAATCCAACCAACGACCCGCATGGGAAATGGGGCGCCGAGTCTGGCTATCATAAAGGTGATATTGGCAATTTTTCAGCAGATGACAATGGTAAAGGTACAGTGACCATTACAACAAATGAATGGTGTATTGGTTGTGGGGATGCCGATAAAGACATTGGTGGTAAAGCACTGATCGTCCATCAGGGGACCGATGACTTTACGACCCAACCCACAGGCGATGCTGGGGCCCGTATTGCGTGTGGATCGATCGCGGCCGCACTCGAGCACCACCACCACCACCACTGA | H30: MAVIDADSTSNANGTVTFTEEGSTVKMEALLSGLTPGKHAIHIHENADCSAADGTSSGGHWNPTNDPHGKWGAESGYHKGDIGNFSADDNGKGTVTITTNEWCIGCGDADKDIGGKALIVHQGTDDFTTQPTGDAGARIACGSIAAALEHHHHHH*
A31: 2773 | B31: ESM-MSA | C31: N | D31: N | E31: N | F31: N | G31: ATGGAGATCCAAGGTGGGCCTCTGGCTCCTGATGTGAAGGGTGTCGTGATATTTGTTGACGTTGTAAATGGAACCGAGGTAGTCGTTGACGTCCAAAACCTGCCACCGTTCCAGCCGGCGCGAAATAATAAAGATGCGATTGGTCCACATGGGTTTCATATTCATGAGAATGGAAATTGTGCCGTCGGAGATCCCGATAACCCTTTTACGGCGGCTGGAGAACACTGGAATCCTACCGACCAGCCCCATGGGAACCATGCAGGGGATTTCCCCGTAATTTTTAGTAATAAAGGATTTGCGCGCATGATATTTTACACAAATAAATTCACGGTGAATCAAATTGTCGGGAAGGCTGTGATTATACATGAGAATCCCGATGATTATCGTACTCAACCGGCCGGTGGTGCCGGGAAGCGCCTGGCGTGTGGTATTATCAACCCTGTACTGCGTGCAACATATAAATGGGCGGCCGCACTCGAGCACCACCACCACCACCACTGA | H31: MEIQGGPLAPDVKGVVIFVDVVNGTEVVVDVQNLPPFQPARNNKDAIGPHGFHIHENGNCAVGDPDNPFTAAGEHWNPTDQPHGNHAGDFPVIFSNKGFARMIFYTNKFTVNQIVGKAVIIHENPDDYRTQPAGGAGKRLACGIINPVLRATYKWAAALEHHHHHH*
... A55: 2480 | B55: GAN | C55: N | D55: Y | E55: Y | F55: N | G55: ATGGTAGAAATGTACAATCCCAATGGAGACTCCCTGGGCTATGTTAAATTGTCAGAACAGTGGGAAGGTGTGATGCTCAAACTGAATGCCAAAGGCCTGCCACCTGGAGAGCATGCGATTCATATTCATGAGCAGGGCAAGTGCGAGCCCCCGGATTTTAAGTCCGCAGGCAACCATTTTAATCCGGAAGATAAAGAACACGGTTTACTGCATCCTAAGGGAAGCCATGCTGGGGATCTGCCTAACTTGATCGTAGAACGCGATGGCAAGGTTAAGGCAGAGTTAATGGCCCCGGATGTTACAATCAAAGAAGATACCAAAAATATTGTGACCAAAGAAGGAACTTCTATTGTCATTACGGAAGGCCCGGATGATGGGATGACACAGCCAGCGGGCGATTCAGGGGCACGGATCGCTTGTGGTGAAATTGTACAGGAAAAGGAGAATGGTAAGAATAAGGCGGCCGCACTCGAGCACCACCACCACCACCACTGA | H55: MVEMYNPNGDSLGYVKLSEQWEGVMLKLNAKGLPPGEHAIHIHEQGKCEPPDFKSAGNHFNPEDKEHGLLHPKGSHAGDLPNLIVERDGKVKAELMAPDVTIKEDTKNIVTKEGTSIVITEGPDDGMTQPAGDSGARIACGEIVQEKENGKNKAAALEHHHHHH*
A56: A0A7X3SKS3 | B56: TEST | C56: N | D56: Y | E56: N | F56: N | G56: ATGGTTATCAAAGGTTCTAAAAAGTACCCTGATATTAAGGGTCGCGCTGCATTTTATGATACGTATGGAGGAACCGTAGTAGTTGCTACCGTTTACGGCCTGCCTCAGAAGCGCGGCGAAAACAACGGAGGATTCCATGGGTTTCATATACATGAAGGGGGGACGTGTTCAGGCAATGTACAGAATGAATTTGCCGATGCGAAAGGTCATTACAACCCCGGCGTCTTTCCACATCCGGAGCATGATGGAGATCTGCCACCTCTTCTGTCGAATAACGGTACAGCTTGGATGGCGGTATATACCTCCAGATTCTATCCAGAAGATGTGATTGGAAGAACTGTCATAATTCACGAAAATGCGGATGACTTTCACTCCCAGCCTTCAGGAGACGCAGGTGAGATGATTGCATGTGGTGAAATAGTTTCCTGGTCACCGGATTTTTGCCGACGTGCGGCCGCACTCGAGCACCACCACCACCACCACTGA | H56: MVIKGSKKYPDIKGRAAFYDTYGGTVVVATVYGLPQKRGENNGGFHGFHIHEGGTCSGNVQNEFADAKGHYNPGVFPHPEHDGDLPPLLSNNGTAWMAVYTSRFYPEDVIGRTVIIHENADDFHSQPSGDAGEMIACGEIVSWSPDFCRRAAALEHHHHHH*
A57: A0A3B0SJ13 | B57: TEST | C57: N | D57: N | E57: N | F57: N | G57: ATGGCCGGCCAATTTATTGGCGTAGACGGAGCACCCATGGGCTATGTGGTACTGACAAATGCCCCCAATGCAGGGGTTGTAATGCGCGTAGATTTAGCGGGAGTTTCTGAAGGATGGCACGCATTACACCTTCATAAAGTTGGTGATTGCAGTGACTATGCAGACGGTTTCAAAGCTTCCGGGTCACATGTGGATCCAGACGATCAACCACACGGACTCCTGAATATTTATGGCCCCGAGCGCGCGGACATGCCGAATATTTATGCGGGTGCGGACGGACATGCAACGGCAGAATTATTCAACGGTACCGTTGCGCTGTTTGCCTCTGAGGCTAGTGCAGCTCAGGCCGGCGCGGCCGCACTCGAGCACCACCACCACCACCACTGA | H57: MAGQFIGVDGAPMGYVVLTNAPNAGVVMRVDLAGVSEGWHALHLHKVGDCSDYADGFKASGSHVDPDDQPHGLLNIYGPERADMPNIYAGADGHATAELFNGTVALFASEASAAQAGAAALEHHHHHH*
A58: A0A0F2NFV0 | B58: TEST | C58: N | D58: Y | E58: Y | F58: Y | G58: ATGCAGGATAAAGCCGGTGCTGAAGCGACCTTGCAGGGGACAGACGGGCGTGAGCACGGTACCGTAAACTTTACGGAAGGCCCTCATGGACTGTTACTGAAAGCCGATCTTAAAGATTTGCCGCCAGGGACGCATGCATTCCATCTTCACGCTACAGGTGTTTGCTCTCCCGATTTTAAGGCTGCTGGAGGACATTATAACCCGACCGGGAAAAAACATGGTTTTATGAGTGCTGACGGTCCGCACGCGGGTGACATGCCTAATATACATGTTCCTGAGAGCGGGAAACTGCAGTTTGAACTGTTTCTGCCTGATATTACAGTTTCAGAAGGCTCTGCTGCCTTATTAGATGCCGATGGTACGGCAGTTCTCCTTCATAAGGATCCGGACGACTATAAAACGGATCCGGCTGGGGCTGCAGGTGATCGAATTGCTTGCGGCGTTGTTAAGGCCAAAGCGGCCGCACTCGAGCACCACCACCACCACCACTGA | H58: MQDKAGAEATLQGTDGREHGTVNFTEGPHGLLLKADLKDLPPGTHAFHLHATGVCSPDFKAAGGHYNPTGKKHGFMSADGPHAGDMPNIHVPESGKLQFELFLPDITVSEGSAALLDADGTAVLLHKDPDDYKTDPAGAAGDRIACGVVKAKAAALEHHHHHH*
A59: A0A210PQ25 | B59: TEST | C59: N | D59: N | E59: N | F59: N | G59: ATGACGTGTCGTTTTAATTCCTCAGATACTAACATTGCCGGCAGAGCAGATCTTAGACAGTTCGTGTTTGGTGATTTCCCAGTTGATATCCGCATTCAGGTGTGGGGACTGCCGCGTTCGCCGGTTGACACTCAGCGGGGAATACATATCCACGAATTTGGCGATGTGGGTGCGAAGTGTAGTCGCGTGGGTCCTCATTTAAATCCCGCCCAGACTCGCCATGGCGGTCGTAATACTTTTGCGTTCCTCCGTCATGTTGGTGACCTGGGTAATATGCTGCAGAGCCCGCAGGGGGTTACATCCACGCAGTTCCGCGATGGGGTAATTTCTTTACAAGGGCCGACCTCAGTGATCGGTCGGAGCTTGGTCATCAAATATGAACGAGATGATGAAGGCTTTGGTACCAACGTTGATTCACTTCAAAACGGCAATGCCCGTACACCTCTGGCGTGCTGCACTTTAGCTCGCTCAGGCCCGGCAAACTGGAATGATGCGGCCGCACTCGAGCACCACCACCACCACCACTGA | H59: MTCRFNSSDTNIAGRADLRQFVFGDFPVDIRIQVWGLPRSPVDTQRGIHIHEFGDVGAKCSRVGPHLNPAQTRHGGRNTFAFLRHVGDLGNMLQSPQGVTSTQFRDGVISLQGPTSVIGRSLVIKYERDDEGFGTNVDSLQNGNARTPLACCTLARSGPANWNDAAALEHHHHHH*
A60: A0A067TI43 | B60: TEST | C60: N | D60: N | E60: N | F60: N | G60: ATGCAGAGTACATCGGCCGTTGTTGTCTTACGGGGAGACTCCTCAGTTACTGGCACAGTCACCTTTCGGCAACGTTCCAAAGGTCCTGTAACCATCTCTGGGAAAATCCAGGGCCTGAGTCCAAACGCCCTTCGGGGGTTTCACGTCCACCAGCTGGGTGATTTATCCGGCGGCTGTCTGTCTGCGGGTTCTCACTTTAACCCTTACGGCAAGACCCATGGTCCGCCGACTGCTAGCACACGTCATGTCGGTGATCTTGGCAATATCAAAACGGACGAGAACGGGGAAGCCAATTTTGAATTCACCGATCATCTCATTTCTCTGCAAGGGCCCAATTCCATCATCGGAAGATCTGTGGTGGTTCACGCAGGGACAGATGATTTAGGGGCGGGTGGGGATGACGAGAGTCTGAAGACCGGTAACGCAGGTGCTCGTGCGGCGTGTGGGGTGATAGGGCTTGCCGCGGCCGCACTCGAGCACCACCACCACCACCACTGA | H60: MQSTSAVVVLRGDSSVTGTVTFRQRSKGPVTISGKIQGLSPNALRGFHVHQLGDLSGGCLSAGSHFNPYGKTHGPPTASTRHVGDLGNIKTDENGEANFEFTDHLISLQGPNSIIGRSVVVHAGTDDLGAGGDDESLKTGNAGARAACGVIGLAAAALEHHHHHH*
A61: A0A317MZG1 | B61: TEST | C61: N | D61: N | E61: N | F61: N | G61: ATGGCACTGGACGCTTCTGGCGCATCGGCACCTATCGGTAGCATCTCTGCATCATCATCCCCTTACGGGGTGATTTTTACTCCGGAACTTTCAGGACTGGCCCCAGGTATTCACGGATTCCATGTGCATGAAAAACCTGATTGTGGCCCTTCCGAAAAAGATGGCAAAACCGTACCAGGCGGGGCGGCCGGGGGTCACTACGATCCGGAAAAAACTGGCAAGCATGAGGGGCCTTATGGTGCCGGCCACTTGGGCGATCTGCCGGCGTTATATGTGGGGGCAGATGGTAAAGCCACACAACCGGTTTTAGCCCCGCGATTGAAGCTGGCCGATTTAAAGGGTCGTTCCTTGATGATTCATGCCGGCGGGGATAATCATTCCGACCATCCGGCACCTCTGGGGGGCGGAGGCGCACGAGTTGCTTGCGGCGTGGTGGCGGCCGCACTCGAGCACCACCACCACCACCACTGA | H61: MALDASGASAPIGSISASSSPYGVIFTPELSGLAPGIHGFHVHEKPDCGPSEKDGKTVPGGAAGGHYDPEKTGKHEGPYGAGHLGDLPALYVGADGKATQPVLAPRLKLADLKGRSLMIHAGGDNHSDHPAPLGGGGARVACGVVAAALEHHHHHH*
A62: A0A1H8A8T3 | B62: TEST | C62: N | D62: N | E62: N | F62: N | G62: ATGATTGCGTACGATCGCCGACTGGCACCGTCTGGTGCACAGGCCTCCCTCAAAGCGGAATCTACTGGTGGAACTACACGCACGAGTCTCGTCGTGGAGGGTTTCGTTCCGAATCGTCGCTATGGTGCACACCTGCATACTGGTGCATGCGCCACAGACCCAGAAGCTTCCGGGCCTCACTATCAACACCATCCAGGCCAGGTTACGCCGAGTTCTGAGGTTTGGCTCGATTTCAAGACTGACGCTAGTGGAGCAGGTAGAGCGACGGCGCGGCATGAATGGGCACTGGATCCTGCGGCTCTGCCAAAAAGTCTGGTTATTCATGCGCAGCCCACGAAAAAAAAAGGAGAACAGGCCGGTACCGCTGGTCCGCGGATAGCCTGCTTAACCGCGGCCGCACTCGAGCACCACCACCACCACCACTGA | H62: MIAYDRRLAPSGAQASLKAESTGGTTRTSLVVEGFVPNRRYGAHLHTGACATDPEASGPHYQHHPGQVTPSSEVWLDFKTDASGAGRATARHEWALDPAALPKSLVIHAQPTKKKGEQAGTAGPRIACLTAAALEHHHHHH*
A63: A0A4R3QYV8 | B63: TEST | C63: N | D63: N | E63: N | F63: N | G63: ATGGTGGCCAACTTTGTGGCTAAAGATGGCAAAGAGGATGGACGCGCACAATTAACAGCGGCGGCGAATGGCGGCGTGCTTATTGAAGTGGAAATTTCGGGACTGCCGGCAAACAAATGGGTTGCAATACATGTCCATGAAACCGGCCGGTGTGATGCAGCGACGCATCACGAATCCGCTGGTGGACATTTCGATCCGGAAAAGGCAGAGCATGGGATTCTGGCCGCAAAAGGCCCTCACGCCGGCGATATGCCCAATCAATATGTAGGCCAAGACGGTGTCCTTCGCGCCCAGATCTTCAACGGCATGGTGACCTTGGATGGGAAGACAGACGGTATTCGTGGTCGCGCCCTCATGGTGCATGCAAATTCAGATGACTACCGCAGCCAGCCCTCACGTTGTCGCCGCAAAACGTTTTTGCGCCGTCGCCCGATTGCGACTGCACAGGTGCTTGCGGCCGCACTCGAGCACCACCACCACCACCACTGA | H63: MVANFVAKDGKEDGRAQLTAAANGGVLIEVEISGLPANKWVAIHVHETGRCDAATHHESAGGHFDPEKAEHGILAAKGPHAGDMPNQYVGQDGVLRAQIFNGMVTLDGKTDGIRGRALMVHANSDDYRSQPSRCRRKTFLRRRPIATAQVLAAALEHHHHHH*
A64: A0A5Q0JXV4 | B64: TEST | C64: N | D64: N | E64: N | F64: N | G64: ATGATAACGCTGAACGCTAAATCCAATACTGAGGTCTCAGGTAACGCCGTATTTAGCGAAGAAGATGGTATTGTTACCTTGACGGCAGTAGTAAGCGGCCTCAACCCCGGAGGGACACACGCTATCCATCTTCATGAGAAGGCTGATTGCTCATCCGATGATGGCACAAGTGCAGGAGGCCATTGGAATCCGACGGCGGAACCGCACGGAAAATGGGGTGATAAAGCGGGCTATCATAAAGGTGATATAGGAAATTTTATCGCGGACGAAAATGGTAACGGCAGCATCACCTTCGCCACCAACCAGTGGTGCATTGGCTGCGAGGACGACAATAAAAATATTATTGGCAAATCGGTCATTGTACACGCAGGTGAAGATGACTTCACCTCTCAGCCGACGGGTGCAGCTGGAGCAAGAGTATCATGTGCGGGGATCGCGGCCGCACTCGAGCACCACCACCACCACCACTGA | H64: MITLNAKSNTEVSGNAVFSEEDGIVTLTAVVSGLNPGGTHAIHLHEKADCSSDDGTSAGGHWNPTAEPHGKWGDKAGYHKGDIGNFIADENGNGSITFATNQWCIGCEDDNKNIIGKSVIVHAGEDDFTSQPTGAAGARVSCAGIAAALEHHHHHH*
A65: A0A3P9KQY6 | B65: TEST | C65: N | D65: N | E65: N | F65: N | G65: ATGGCAGTTTGCGTTTTAAAAGGGACTGGCGAGACCAATGGCGTTGTGAACTTCGAACAAGAGTCTGACAGTGCCCCCGTAAAGGTCACCGGCGAGATAAAAGGCTTAACACCGGGTAAGCATGGTTTTCACATTCATGTGTATGGTGACAATACTAACGGTTGCGTTTCAGCCGGGCCGCACTTTAATCCGTATAATAAGAACCACGGGGGACCCGAAGACGCTGAACGCCACGTAGGAGACCTGGGAAATGTGACCGCAGGCGTGAATAATGTAGCTGAGATTGATATAACTGATAAGTTAATTCGTTTATCTGGCCCAGATTCCATTGTTGGGAGAACGGTCGTGGTCTCTTTTTATTTCTTTAACTTCGTCTTGAATTTTTTGCTTTTATATAAAGCGGCCGCACTCGAGCACCACCACCACCACCACTGA | H65: MAVCVLKGTGETNGVVNFEQESDSAPVKVTGEIKGLTPGKHGFHIHVYGDNTNGCVSAGPHFNPYNKNHGGPEDAERHVGDLGNVTAGVNNVAEIDITDKLIRLSGPDSIVGRTVVVSFYFFNFVLNFLLLYKAAALEHHHHHH*
A66: A0A420XH12 | B66: TEST | C66: N | D66: N | E66: N | F66: N | G66: ATGCAGAAACTCGACCTTAAAGGGAACACCGATATAGGAATGGTAACAGTGACCGAGTCACCCTATGGGTTGGTTTTTACCCCAAATCTTACCGGTCTGACGGAGGGCGTTCATGGCTTTCACATCCATCAGAACGCATCTTGCGAACCGAAAGAACAGGACGGAAAGATGGTTTTGGGCCTGGGCGCAGGCGGTCATTGGGATCCGAATGGCACCAATAAGCACGGTTTTCCGTGGCAGGACGATTCTCATCTCGGGGAACTGCCTGTCTTAATAGTGGACCATGATGGTAATGCCAACTACCCTGTCTTAGCGCCACGTTTAAAAAAACTGGATGATATAAAAGGGCACGCGCTGATGATTCACGCAGGTGGAGATAATCACTCAGATCACCCCGCACCCCTTGGCGGAGGCGGACCTCGTATGGCCTGTGGCGTGATTGCGGCCGCACTCGAGCACCACCACCACCACCACTGA | H66: MQKLDLKGNTDIGMVTVTESPYGLVFTPNLTGLTEGVHGFHIHQNASCEPKEQDGKMVLGLGAGGHWDPNGTNKHGFPWQDDSHLGELPVLIVDHDGNANYPVLAPRLKKLDDIKGHALMIHAGGDNHSDHPAPLGGGGPRMACGVIAAALEHHHHHH*
A67: A0JC81 | B67: TEST | C67: N | D67: N | E67: N | F67: N | G67: ATGCAGCGCTCTGAAGCTCACGGCGATCGCCATGTGCGTGGCCTGGCACGCATCGTACAAGTATCGAGCGGTCGAAGCCTGGTCGATTTAATCGTTCATGGTGTTGTGCCTGGTCGTTACCATGCAACCATCCGTGAATATGGCGACCTGAAAGATGGCGCAAAGTCTACCGGAGCCGTGTGGTCTGGTGGTGAAAAAGACGCCAAAGGGATTCTGGGCACAGTAGACGTGGGGGAAGACGGACGGGGTTCCGCCTTTTTTGACAGACCGTTTCAGATATGGGAGATTATAGGCCATGCCATGGTGTTGACTAAACAGGACGAAACAACGGGGCCACTGGTTAACGATGATAATACAGTTGTGGGCGTGATCGCTCGCAGCGCTGGTGTCTGGGACAATGATAAGACCGTCTGCGCGGCCGCACTCGAGCACCACCACCACCACCACTGA | H67: MQRSEAHGDRHVRGLARIVQVSSGRSLVDLIVHGVVPGRYHATIREYGDLKDGAKSTGAVWSGGEKDAKGILGTVDVGEDGRGSAFFDRPFQIWEIIGHAMVLTKQDETTGPLVNDDNTVVGVIARSAGVWDNDKTVCAAALEHHHHHH*
... A72: A0A194PRL0 | B72: TEST | C72: N | D72: N | E72: N | F72: N | G72: ATGGTTGCCATTGCACATCTCATAAGCCAGAATGTTACAGGATCATTAACTTTTACTGAAACTGCTAATGGCATTCGTGTTAGTGGCACCATTACTGGACTGGATGTCGGTAAGTATGGTTTTCACGTTCATGAACTCGGCGACACATCAACTTGCGATGCAGCTGGGGCGCATTTTGATCCGGACGATAACACCCACGGTGGCCGCGATCATTCTGTTCGACATGTAGGTGATTTGGGAAATGTACAGTTTGTTGGAAACGAAAATCCAGTAGCTAATATTGACTTCGTGGACAATATTATTAGTCTCCGCGGCCGTAATAGTATTATTGGCCGCACGCTGGTATTACATGAACAGGAAGATGATCTGGGCTTGGGCGGTAATGAAGCCTCGCTTAATACTGGGAATGCCGGGCCTCGCGTTGCATGCGGTGTCATCGGCATACGTAGTCCATCAGGGCCTTGGAATGCGGCCGCACTCGAGCACCACCACCACCACCACTGA | H72: MVAIAHLISQNVTGSLTFTETANGIRVSGTITGLDVGKYGFHVHELGDTSTCDAAGAHFDPDDNTHGGRDHSVRHVGDLGNVQFVGNENPVANIDFVDNIISLRGRNSIIGRTLVLHEQEDDLGLGGNEASLNTGNAGPRVACGVIGIRSPSGPWNAAALEHHHHHH*

Sheet round1_MDH
A1: Name | B1: Group | C1: Activity (20 μg/mL) | D1: Expression | E1: Solubility | F1: Purification | G1: expressed sequence | H1: tagged sequence
A2: N268_0.879 | B2: ASR | C2: N | D2: Y | E2: Y | F2: Y | G2: ATGAAGAAAATCTCGATAATTGGCGCTGGTCGCGTAGGGGAATCAACTGCTCAGATCCTGGCGCAGAAAGAATTGTGCCGAGAAATTGTTCTTCTCGATATAAGAGAAGGAGTTGCGAAGGGCGCAGCCCTTGACATACAGGAGTCCGCTCCAATTTTTGGATTCGACACTCGCGTTACAGGCTCAACTGATTCCGCTGCTATTGCTGATAGTGATCTGGTTATAATTACGGCCGGTATTCCACGGAAACCTGGCATGTCTCGCTCCGATGTTCTGGATACCAATCTGGCCATCATAGATGAAATCGTTGATGAGGTGATGAAGTATGCGCCTGACGCAATGTTATTATTGGTTACAAACCCCGTGGATGTGTTAACGTACCATGCCTGGAAAAGAACCGGTTGGCCCCGTAACCGTGTCTTCGGTCAGGCCGGCGTCCTTGACTCAGCTCGCATGGCGAGCTTCATTGCAATGGAAACTGGCTTTAGCGTGAAAGATATTAGTGCGATGGTTCTCGGCGGCCACGGTGACACCATGGTCCCAATGACCCGCTATACTACCATCAACGGGATCCCTGTCACACATTTTCTGGATCAGGAAACAATTGAACAAATCGTTGAACGCACACGTCATGGTGGCGCCGAAATTCTTGCGTTAAGACAGACGTCTTCCGCATATGATGCCCCAGCTGCGGCTGTTGCCGCCATGGTCGACGCCATTTGCCATGATCGTAAGCGGATCTTACCGTGCGTTGCAATCTTGGAGGGTGAATATGGACAGCGCGATATAGCAATGGGTGTACCCGTGGTGCTTGGACGCAACGGGGTTGAACGCGTTATTGAACTTCCGTTAACAGAGGAAGAGCAAGCTGAGTTCAAACAGTCAGCAGAGGCGGTGCGAGCGGATATTGAAAGATTGAAAAAACTGGCGGCCGCACTCGAGCACCACCACCACCACCACTGA | H2: MKKISIIGAGRVGESTAQILAQKELCREIVLLDIREGVAKGAALDIQESAPIFGFDTRVTGSTDSAAIADSDLVIITAGIPRKPGMSRSDVLDTNLAIIDEIVDEVMKYAPDAMLLLVTNPVDVLTYHAWKRTGWPRNRVFGQAGVLDSARMASFIAMETGFSVKDISAMVLGGHGDTMVPMTRYTTINGIPVTHFLDQETIEQIVERTRHGGAEILALRQTSSAYDAPAAAVAAMVDAICHDRKRILPCVAILEGEYGQRDIAMGVPVVLGRNGVERVIELPLTEEEQAEFKQSAEAVRADIERLKKLAAALEHHHHHH*
A3: N495_0.993 | B3: ASR | C3: Y | D3: Y | E3: Y | F3: Y | G3: ATGGCGGCTATGACAACGATGACAAAAACCCCAGTGACCGTGACGGTCACTGGGGCCGCGGGCCAGATTGCGTACGCATTGCTCTTTCGCATCGCATCAGGCGCTGTTTTTGGTCCGGACACCCCCGTACGGTTGCGCTTGTTGGAAATCCCTCAGGCCGTACGCGCCGCTGAGGGGGTAGCCATGGAACTGGACGATTGCGCCTTTCCATTATTAGCGTCGATAGATATAACTGATGATCCGGCAACAGCTTTTGATGGCGCCAACGCCGCGTTACTGGTTGGGGCACGACCGCGTGGTGCTGGTATGGAGCGAGCTGATCTCTTGGCCGCAAATGGGGGTATTTTTGGCCCGCAGGGTCGTGCCATTAACGATCATGCAGCTGACGACGTTCGTGTGCTCGTTGTCGGAAATCCGGCGAACACCAACGCACTGATTGCAGCTAGCCATGCCCCTGATGTGCCTGCGGAACGATTCACTGCCATGATGCGTCTGGATCATAATCGCGCCCTTGCCCAGTTGGCGGCAAAACTGGGGGTCCCGACCTCAGATTTAGATCGTATGACTGTGTGGGGCAATCATTCGGCGACACAATTTCCCGATGTGACATATGCTACAGTTGGCGGTCAGCCGGTTGCTGATAAAGTTGACCAAGCTTGGCTTGAAGATGAATTCATTCCACGCGTTGCGAAGCGAGGAGCCGAAATAATTGAAGTCCGCGGGTCATCATCTGCGGCATCTGCAGCTTCAGCAGCCATCGATCACATGCGCGATTGGGTACAGGGAACCCCTGAAGGCGATTGGACCTCGGTAGCCCTGCCGTCAGACGGATCGTATGGAATACCTGAAGGATTGGTTTCTAGTTTTCCTTGTAGAAGTAGTGATGGGGAATGGGAAATCGTGCAGGGGCTGGAGATTTCAGATTTCCAGCGTGCGCGGATTGACGCTTCTGTGGCGGAACTGGTTGAAGAGCGGGACGCAGTGCGTGAGCTCGCGGCCGCACTCGAGCACCACCACCACCACCACTGA | H3: MAAMTTMTKTPVTVTVTGAAGQIAYALLFRIASGAVFGPDTPVRLRLLEIPQAVRAAEGVAMELDDCAFPLLASIDITDDPATAFDGANAALLVGARPRGAGMERADLLAANGGIFGPQGRAINDHAADDVRVLVVGNPANTNALIAASHAPDVPAERFTAMMRLDHNRALAQLAAKLGVPTSDLDRMTVWGNHSATQFPDVTYATVGGQPVADKVDQAWLEDEFIPRVAKRGAEIIEVRGSSSAASAASAAIDHMRDWVQGTPEGDWTSVALPSDGSYGIPEGLVSSFPCRSSDGEWEIVQGLEISDFQRARIDASVAELVEERDAVRELAAALEHHHHHH*
A4: N296_0.884 | B4: ASR | C4: Y | D4: Y | E4: Y | F4: Y | G4: ATGAGCAGCATGTCGGCTATGTCAGAAACTATGAAGAAAGTGAGTATTATCGGAGCCGGTAATGTAGGTAGCACAATCGCTATGTTAATTGCGTTGAATGAGCTTGCAGACGTAGTTCTTGTAGATATTGTTGAGGATCTCGCCCAGGGGAAAGCTCTCGACCTGATGCAGGCGGCGGCAGTTTTCAATTCCGATGCAAAGATTGTTGGGACAAACGATTACGAGGAAATAAAAGGCAGTGATATTGTAGTGATTACAGCTGGAATCGCTCGCAAACCGGGCATGTCCCGTGAGGATTTACTGAATACGAACGCCAAGATTGTTAAAGACGTGGCAAAGAACATCAAAAAATACGCGCCGGACTCAATTGTCATAGTTGTATCTAATCCCTTAGACGTAATGACGTACCTGGCTTATAAGGTGACTGGCTTCAACCGTAACCGGGTGATGGGCATGGCTGGTGTGTTAGATAGTGCTCGCTTCCGTTATTTTATTGCCCAGAAGCTTAATGTGTCTGTCAATGACATTGAATCAATGGTCTTAGGCAGCCATGGCGACTCAATGGTACCACTTGCAAGTCAGACTACGGTTAATGGGCGCCCGATCAAAGAATTTTTAAATAAGGAGAAAATTGAGGAGATTGTTGAAAAAACCCGCAACGGGGGAGCTGAGATCGTTAGTCTCCTGAAAACGGGCTCTGCCTACTATGCACCCGCGTCCGCAGTTTATCTGATGGTTAAAGCCATCCTCAAAGATAAAAAAGAAATACTTCCGGCCTGTGTTTATCTCGAAGGAGAATACGGCCTGAAAGACGTCTGCATCGGTGTTCCGGTTAAACTCGGAAAAAATGGTATCGAAAAGATTATTGAATTAGAACTGAGTGAGGAAGAAAAAGAGGCGTTACAGAAAAGCGCCGAAGCTATTAAAGAGAACATTAATCAGCTTGCGGCCGCACTCGAGCACCACCACCACCACCACTGA | H4: MSSMSAMSETMKKVSIIGAGNVGSTIAMLIALNELADVVLVDIVEDLAQGKALDLMQAAAVFNSDAKIVGTNDYEEIKGSDIVVITAGIARKPGMSREDLLNTNAKIVKDVAKNIKKYAPDSIVIVVSNPLDVMTYLAYKVTGFNRNRVMGMAGVLDSARFRYFIAQKLNVSVNDIESMVLGSHGDSMVPLASQTTVNGRPIKEFLNKEKIEEIVEKTRNGGAEIVSLLKTGSAYYAPASAVYLMVKAILKDKKEILPACVYLEGEYGLKDVCIGVPVKLGKNGIEKIIELELSEEEKEALQKSAEAIKENINQLAAALEHHHHHH*
A5: N556_0.961 | B5: ASR | C5: Y | D5: Y | E5: Y | F5: Y | G5: ATGACGGAGCCAATTCGCGTTCTGATTACCGGGGCAGCGGGCCAGATTGGATATAGTCTGTTATCCATGGTTGCAAAAGGTGATATGTTCGGCCCGGACCAGCCCATTATTCTCCACCTCTTAGACATTCCGCCCGCAATGGAAGCTCTGAAGGGTGTTGTAATGGAGTTGCAGGACTGTGCATTTCCTTTGTTACAGGAAGTTGTTCCCACAACTGATCCGGAGGAAGCATTTAAAGACGTTGATGTGGCCATTTTAGTTGGCGCGATGCCGCGCAAAGAGGGCATGGAAAGAAAAGATTTGTTGGAAAAAAATGTCGCGATCTTTAAAGCCCAGGGTGAAGCGCTTGATAAGTATGCCAAGAAGACAGTCAAAGTCCTGGTGGTTGGCAATCCAGCAAACACGAACTGTCTGATCCTGTCGAAATATGCGCCCTCTATTCCGAAAGAAAATTTCACTGCGTTGACACGTTTAGATCATAATAGAGCTATTGCACAGATAGCAGAGCGCTTGGGCGTCTCGGTTAGTGACGTAAAAAACGTGATAATCTGGGGAAATCATAGCTCTACTCAGTTTCCGGATGTATCACATGCCACTGTCAACGTTAATGGTAAGGAAAAACCAGTGCGAGATGCAGTCAATGATGATGCTTGGTTGAAAGGTGAGTTCATTTCCACCGTACAGAAGCGAGGCGCGGCGGTCATTGCGGCGCGTAAACTGAGCTCGGCCATGTCGGCGGCAAAAGCGATCTGCGATCATATGCATGACTGGGTACTGGGTACTCCTGAGGGTGAATGGGTGTCCATGGGTGTGACTAGTGATGGCTCCTATGGGGTGCCTAAAGACTTGATTTTTTCCTTTCCAGTGACATGCAAAAACGGCAAATGGAAAATTGTGCAGGGTCTGAAGATAGACGATTTTGCCCGTGAAAAACTGGACGCAACTGCTAAGGAACTGGAGGAGGAAAGAGACATGGCTTTAGAAGTTTGCGCGGCCGCACTCGAGCACCACCACCACCACCACTGA | H5: MTEPIRVLITGAAGQIGYSLLSMVAKGDMFGPDQPIILHLLDIPPAMEALKGVVMELQDCAFPLLQEVVPTTDPEEAFKDVDVAILVGAMPRKEGMERKDLLEKNVAIFKAQGEALDKYAKKTVKVLVVGNPANTNCLILSKYAPSIPKENFTALTRLDHNRAIAQIAERLGVSVSDVKNVIIWGNHSSTQFPDVSHATVNVNGKEKPVRDAVNDDAWLKGEFISTVQKRGAAVIAARKLSSAMSAAKAICDHMHDWVLGTPEGEWVSMGVTSDGSYGVPKDLIFSFPVTCKNGKWKIVQGLKIDDFAREKLDATAKELEEERDMALEVCAAALEHHHHHH*
A6: N311_0.998 | B6: ASR | C6: N | D6: Y | E6: N | F6: N | G6: ATGCCAACCGAATCATTTAGAGCCCAGAGACTTAAGAAATTAGCAATGGTAGGTGCGGGCAACGTAGGCTCCACGCTGGCTCAATTGGCCGCTCATAGCGAAATTTCAGAGGAAATCACCTTGGTTGATATAGTTCCGGGTCTGGCGGAATCAATAGCATTAGATCTTAACCATGCAGCTGGAATCACCGGATCTGCAGCGCGGATAAATGGTACTACAGATTTAGACCTTGTTCACGGTGCTGATGTTGTGGTTGTCACCGCTGGAAGACCTCGCACACCAGGTATGTCTCGTTCAGATCTGCTCAAAATTAATGCCCGTGTCATCAAGGGAGTGGCGGAGGCAATTAAAAAGTATGCGCCGGATGCCGTCGTGATCGTTGTGACAAATCCGTTGGATGAAATGACTTCGGTAATGTTAAATGTTACGGGTTTTGATCGCGAAAAAGTCATTGGTATGGCGGGCACCCTTGACTCAGCGCGTTTTCGTGATGCCCTGGCCCAAGCCGCGGGTGTGTCCGTGGCTGATGTCGAAGCGATGACTTTAGGAAGTCATGGTGATGAAATGGTACCCATTGTGAGTCAGGCCACCATAAAAGACCGGCCCATCGGTGAACTGCTTAACGAAGAAACCATTGAAAGCTCTGCCGAACGCACAATAGACGGTGGTGCAGAGGTCGTGCGTTTGCGTAAAACTGGAAGCGCTTACCTGGCCCCAGCTTATGCGACAATAGAGCTGATTGAGCATATGCGAGGTGACCGAAACGGAGCTATACCGGCCTCTGTTCTTCTGGAGGGCGAGTATGGGATTACGGATGTTGTCGTTGGAGTTCCCTGTAAATTAGGTAAAAATGGAGTCGCGGAGATTGTAGAATTGACACTGTCTGAATCTGAGAAACAAGCGTTACAGAAGGCCGCAGCAGCAATAAAACAACGTTTAGGAGAACTGGCGGCCGCACTCGAGCACCACCACCACCACCACTGA | H6: MPTESFRAQRLKKLAMVGAGNVGSTLAQLAAHSEISEEITLVDIVPGLAESIALDLNHAAGITGSAARINGTTDLDLVHGADVVVVTAGRPRTPGMSRSDLLKINARVIKGVAEAIKKYAPDAVVIVVTNPLDEMTSVMLNVTGFDREKVIGMAGTLDSARFRDALAQAAGVSVADVEAMTLGSHGDEMVPIVSQATIKDRPIGELLNEETIESSAERTIDGGAEVVRLRKTGSAYLAPAYATIELIEHMRGDRNGAIPASVLLEGEYGITDVVVGVPCKLGKNGVAEIVELTLSESEKQALQKAAAAIKQRLGELAAALEHHHHHH*
A7: N587_0.820 | B7: ASR | C7: Y | D7: Y | E7: Y | F7: Y | G7: ATGCGTTCCGCAGCTGCCGGGAGCGTCCCTAATAGCAAAGTGGCGGTCCTCGGGGCCGCCGGTGGTATAGGTCAGCCTTTATCGCTCCTGCTCAAACAGAGTCCGTTAGTTAGCGAGCTCGCTCTGTATGACATCGCAAATACTCCAGGCGTAGCGGCCGATCTGTCTCACATAAACACCCCGGCCAAAGTCAAAGGCTATGTTGGTGCCGAGCAGTTGGGCGAAGCGCTGAAAGGTTGTGATGTGGTCGTGATTCCTGCTGGGGTTCCGCGTAAGCCTGGCATGACTAGAGACGATTTGTTTAATATCAATGCGGGAATTGTGAAGAATTTGGCTGAAGGCGTTGCCAAGCATTGTCCGGAGGCCATGATAGCTATAATTTCTAACCCAGTTAACAGCACGGTCCCGATCGCAGCAGAAGTTCTGAAAAAAGCCGGAGTGTATAACCCTAAACGACTTTTCGGCGTCACAACACTCGATGTTGTGCGCGCTAAGACGTTCGTCGCAGAAGCAGCGGGTTTGGATCCGAACGACGTGAACGTGCCGGTTGTCGGAGGGCACGCCGGCATTACGATATTGCCATTACTGTCCCAGGCCACGCCAAAAGCAACATTTACGGATGAAGAGATTGAAGCATTAACCAACCGGATTCAGGATGCAGGTACTGAAGTCGTAGAAGCCAAGGCAGGAGCAGGTAGCGCCACATTGTCCATGGCATACGCCGGCGCACGCTTCGCCGATTCTTGTCTTCGGGCACTTAATGGGGAGAGCGGCGTGGTAGAATGCGCATTTGTGGAATCAGATGTCACGGAAGCGCCATTCTTTGCCTCTCCAGTACGCCTGGGCAAGAATGGAGTGGAAGAGATTTTGGGTCTGGGGAAGCTGAGCGATTTTGAACAGAAAAATCTCGAAGCGATGCTGCCGGAACTCAAAGCCAGCATTCAGAAAGGTGTCGATTTCGTAGCGGCCGCACTCGAGCACCACCACCACCACCACTGA | H7: MRSAAAGSVPNSKVAVLGAAGGIGQPLSLLLKQSPLVSELALYDIANTPGVAADLSHINTPAKVKGYVGAEQLGEALKGCDVVVIPAGVPRKPGMTRDDLFNINAGIVKNLAEGVAKHCPEAMIAIISNPVNSTVPIAAEVLKKAGVYNPKRLFGVTTLDVVRAKTFVAEAAGLDPNDVNVPVVGGHAGITILPLLSQATPKATFTDEEIEALTNRIQDAGTEVVEAKAGAGSATLSMAYAGARFADSCLRALNGESGVVECAFVESDVTEAPFFASPVRLGKNGVEEILGLGKLSDFEQKNLEAMLPELKASIQKGVDFVAAALEHHHHHH*
A8: N342_0.976 | B8: ASR | C8: Y | D8: Y | E8: Y | F8: Y | G8: ATGAATAAACGTGTTAAAGTTGCTGTAACTGGAGCTGCAGGTCAAATAGGTTATGCCCTCTTATTTCGCATAGCGTCAGGTCAGATGTTCGGTCCCGACGTCGAAGTTGAACTCCAATTGCTGGAATTGGAACAAGCCTTACCCGCTCTTCAGGGTATAGTTATGGAGCTGGAAGACTGCGCTTTCCCTTTACTTAAAAATATTGTTTGCACCAGCGACCTTAATGCGGCGTTTAAAGATGTGAATTGGGCGATTTTAGTGGGGTCCGCCCCGCGCAAAGCGGGCATGGAACGGAGCGACCTTTTAAAAATTAACGGGGGTATCTTTACCGCACAAGGCAAAGCGATAAACGATCACGCGGCTGATGATGTCCGTGTGTTTGTGGTAGGTAATCCTTGTAATACCAACTGTCTTATTGCCATGCACAATGCACCGGATATTCCCAGAGATCGTTTCTATGCAATGACAATGCTGGATGAGAACAGAGCGCGTACTCAACTGGCTAAAAAAGCAGGCGTCCCGGTTACTGAAGTCAATAATATGGCAATTTGGGGCAATCACAGTTCTACCCAGTACCCCGACTTCTATCACGCGAAAATCAATGGTAAACCAGCGACCGAAGTTATCAAGGATGAAGCATGGTTACAAAATGAGTTCATCCCTACCGTCCAGCAACGTGGAGCTGCGGTCATCAAAGCCAGAGGCGCCTCCTCTGCCGCGTCTGCAGCTAACGCAGCCCTGGATTCCGTCCACAATCTGATTCACGATACTCCGGCCGGTGAGTGCTTTTCCGTGGCGCTCTGTAGCAACGGGCAGTATGATGTAGATGAAGGTTTGATATTCAGCTATCCGTGCCGTACAGAAAACGGGAAACTGAAGGTCGTTGAGGGTATCGAGCATAATGACTTCGCTCAGGAAAAATTTCAGATTACCCTTGATGAATTACGTAAAGAGCGTGATGCGGTCAAAGACCTGGCGGCCGCACTCGAGCACCACCACCACCACCACTGA | H8: MNKRVKVAVTGAAGQIGYALLFRIASGQMFGPDVEVELQLLELEQALPALQGIVMELEDCAFPLLKNIVCTSDLNAAFKDVNWAILVGSAPRKAGMERSDLLKINGGIFTAQGKAINDHAADDVRVFVVGNPCNTNCLIAMHNAPDIPRDRFYAMTMLDENRARTQLAKKAGVPVTEVNNMAIWGNHSSTQYPDFYHAKINGKPATEVIKDEAWLQNEFIPTVQQRGAAVIKARGASSAASAANAALDSVHNLIHDTPAGECFSVALCSNGQYDVDEGLIFSYPCRTENGKLKVVEGIEHNDFAQEKFQITLDELRKERDAVKDLAAALEHHHHHH*
A9: N574_0.023 | B9: ASR | C9: N | D9: Y | E9: N | F9: N | G9: ATGCGAAGTGCGGCAGCAGGTTCGGTTCGTAATATGAAAGTCGCGGTCCTCGGAGCAGCCGGCGGCATTGGGCAGCCTCTGAGCTTATTACTTAAACAGTCTCCACTTGGATCGGAGCTGGCGTTATACGATATTGCACCAATAACCCCTGGTGTGGCGGCAGACTTGAGTCATATTAACACACCGGCCGGTGTGACGGTGCGCGTAAGTGGCGAAGACTTAGATGAAGCGTTGAAAGGTGCCGATGTTGTTGTTATTCCAGCGGGCGTGCCGCGTAAACCTGGCATGACTCGTGACGACCTGTTTAATACAAATGCAGGGATTGTGAAGAATCTTGCCGAGGCAATTGCAAAACATTGTCCGGAGGCAGCCATTGCTATCATTACCAATCCGGTTAACACGACTGTGCCGATAGCTGCAGAGGTACTGAAAAAACATGGCGTTTACAACCCAAAACGCCTGTTTGGAGTTACAACGCTTGATGTGGTGAGAGCGAAGACGTTTGTAGCTGAAGCCAAGGGTTTGGATGTAAACGATGTTAATGTACCGGTGATCGGGGGCCATGCAGGCATTACGATTCTGCCGTTGCTCAGCCAGGTTACGCCGTCAGGAGCGCCGACGGCCCAGTTCACAGACGATGAAGAGATAGAAGCCCTCACTAACCGAATTCAAGATGCTGGCACGGAGGTTGTTGAGGCGAAAGCAGGAGCCGGCTCCGCGACCCTGAGTATGGCCTATGCGGCGGCGCGCTTTGCAAATTCCCTGCTTCGTGCCCTTAATGGCGAAGAAGGCGTTGTAGAATGCGCTTTTGTCGAATCCGATGTCACAGAGGCTCCGTTTTTTGCATCACCAGTGGAATTAGGTAAGGATGGCGTTGAAGAAATCTTGCCTCTGGGAGAATTGTCCGACTTTGAAAAAAAAGCCCTCGAGGAGATGCTGCCCGCACTGAAAGCAAACATTAAAAAAGGCGTTGACTTTGTCGCGGCCGCACTCGAGCACCACCACCACCACCACTGA | H9: MRSAAAGSVRNMKVAVLGAAGGIGQPLSLLLKQSPLGSELALYDIAPITPGVAADLSHINTPAGVTVRVSGEDLDEALKGADVVVIPAGVPRKPGMTRDDLFNTNAGIVKNLAEAIAKHCPEAAIAIITNPVNTTVPIAAEVLKKHGVYNPKRLFGVTTLDVVRAKTFVAEAKGLDVNDVNVPVIGGHAGITILPLLSQVTPSGAPTAQFTDDEEIEALTNRIQDAGTEVVEAKAGAGSATLSMAYAAARFANSLLRALNGEEGVVECAFVESDVTEAPFFASPVELGKDGVEEILPLGELSDFEKKALEEMLPALKANIKKGVDFVAAALEHHHHHH*
A10: N324_0.815 | B10: ASR | C10: Y | D10: Y | E10: Y | F10: Y | G10: ATGACGAAACCGATCCGTGTTGCTGTCACCGGTGCTGCGGGCCAAATTGGTTACTCACTGTTGTTTCGGATCGCGTCAGGGGAGATGTTCGGGCCGGACCAGCCAGTCATCCTGCAGTTACTGGAGATTCCGCCCGCCATGAAAGCCTTGGAAGGAGTAGTCATGGAACTGGATGATTGTGCGTTCCCGCTCCTCCATGGGATTGTTATTACCGACGATCCAAACGTCGCGTTTAAAGATGTAAACTGGGCTCTGTTAGTAGGATCTAAACCGAGAGGACCGGGCATGGAACGCGGCGATCTGATCAAAGAAAATGGGCCAATATTTGTAGGTCAAGGTAAAGCCTTAAATGACAACGCAGCCTCGGATGTTCGCGTGTTGGTAGTCGGAAACCCCTGTAATACCAATTGTCTGATTGCCATGCATAATGCCCCGGACATCCCTCGCGATCGCTTCACGGCGATGACCAGACTTGACCAAAATCGGGCAAAAGCGCAGCTGGCGAAAAAGGCCGGGGTCGCGGTCTCTGAAGTGTCCAACATGGCAATATGGGGAAACCATTCGGCCACTCAGTTTCCGGATTTTGAGAATGCCAAGATAAATGGTAAGCCGGCGACCGAGGTCATTACTGATCGTGCGTGGTTGGAAGGTGAATTTATTTCGACGGTACAGAAACGTGGTGCAGCAATAATTGACGCTCGTGGCGCTTCGTCGGCAGCAAGTGCGGCGAATGCTGCTATTGATCACGTTCGCTCTTTGGTTACACCAACCCCGGCTGGAGACTGGTTTAGCGTGGCTGTTCCAAGTGATGGTTCATATGGTATTCCAGAAGGTCTGATTTTTTCCTTTCCGGTTCGGTCCAATGGCAATGGTAATTATGAGATTGTGCAAGGTCTTGAGCTGTCGGATTTTGCACGCGAGAAAATCGACGCTACTGTGGATGAGTTAGTTGAAGAACGAGATGCGGTGAAAGATTTACTTGCGGCCGCACTCGAGCACCACCACCACCACCACTGA | H10: MTKPIRVAVTGAAGQIGYSLLFRIASGEMFGPDQPVILQLLEIPPAMKALEGVVMELDDCAFPLLHGIVITDDPNVAFKDVNWALLVGSKPRGPGMERGDLIKENGPIFVGQGKALNDNAASDVRVLVVGNPCNTNCLIAMHNAPDIPRDRFTAMTRLDQNRAKAQLAKKAGVAVSEVSNMAIWGNHSATQFPDFENAKINGKPATEVITDRAWLEGEFISTVQKRGAAIIDARGASSAASAANAAIDHVRSLVTPTPAGDWFSVAVPSDGSYGIPEGLIFSFPVRSNGNGNYEIVQGLELSDFAREKIDATVDELVEERDAVKDLLAAALEHHHHHH*
A11: N594_0.986 | B11: ASR | C11: N | D11: Y | E11: N | F11: Y | G11: ATGGCCGCTAGCTCTGCTCGCAATGGTCGCGCGCGCCGTGTGGCAGTTGTCGGCGCAGGGCACGTTGGGATGATAACAGCTATGCGCCTGGCGGAAAGCGACTTATTTGATGAAGTCGTCTTAGTTGACATTGCTGAAGGTCGCGCGGCGGGCATCGCTTTGGATCTGACGCATGCAGCACCGCTCCTGGGATTTGCGACACGCATCCGTGGGACCAATACGCTGGAAGAAGCGGGTTCAGCGGATTACGTGGTAATTACAGCAGGTCGCCCTAGACAGCCGGGCATGAGCCGTACGGATCTTGTGGGGACGAACGCAGCCATTGTCGGCGACGTTGCGCAGGGTATCGCAAGAACCAGTCCCGATGCAGTTCTTGTTGTAGTTACCAATCCGCTGGATGAAATGACCCAACATGCATGGCAGGTTACGGGGCTGCCTCCAGAAAGAGTGATTGGTATGGCGGGCGTATTAGACAGCGCACGCTTTCAGGCATTAGCAGCGTTGGCGGGCAACGTACGACCACATGAAGTAGAAGCTCTCGCGCTTGGAAGCCATGGTGATGAAATGGTCATTCCCCTGAGCCAAGCGACCGTGGGTGGTCGCCCGATAGAAGAACTTCTGGATGCCACAACATTGGAGGCAATTGTTGATCGAACACGAGATAGCGGGGCGGAGGTTGTGGGTTTATTAAAATCAGGTTCTGCATTCTTTGCTCCGGGGGCGTCGGCTGCGCGTATGGTTCTGGCGATGGTTCGTGACTCCGGGGAAGTCATGCCAGCCGCGGTACTGCCTGACGGCGAGTATGGCATCACCGATGTTTATGTTGGTCTGCCCGTGCGGTTAGGTCGGAACGGCGTACGTGAGATCGTCGAACTTCCTTTACGCCCGGCCGAATTACAAGCACTTCAGGCGGCGGCAGCGCGGATAGCGGAAAGAATTGATGAACTGGCTGCAGTCGCGGCCGCACTCGAGCACCACCACCACCACCACTGA | H11: MAASSARNGRARRVAVVGAGHVGMITAMRLAESDLFDEVVLVDIAEGRAAGIALDLTHAAPLLGFATRIRGTNTLEEAGSADYVVITAGRPRQPGMSRTDLVGTNAAIVGDVAQGIARTSPDAVLVVVTNPLDEMTQHAWQVTGLPPERVIGMAGVLDSARFQALAALAGNVRPHEVEALALGSHGDEMVIPLSQATVGGRPIEELLDATTLEAIVDRTRDSGAEVVGLLKSGSAFFAPGASAARMVLAMVRDSGEVMPAAVLPDGEYGITDVYVGLPVRLGRNGVREIVELPLRPAELQALQAAAARIAERIDELAAVAAALEHHHHHH*
A12: N397_0.287 | B12: ASR | C12: Y | D12: Y | E12: Y | F12: Y | G12: ATGAAACCGCCGATTAGAATTGCGATCACCGGCGCAGCCGGTCAGATTGGCTATAGTCTGCTGTTCCGGATCGCCGCAGGGGATATGCTCGGCAAGGATCAGCCGATTATTTTACAACTGCTGGACATCCCGCAAGCGCAACAGACCCTGAAAGGCGTGGTTATGGAACTGGAAGATTGCGCATTCCCACTGTTGCATGATGTAATTACAACAGACGATCCTAAGGTCGCGTTCCATGATGCGGATATAGCGATCTTAGTGGGCGCTCGTCCGCGAGGTAAAGGCATGGAACGGAAAGATTTGCTCGAAGCAAACGGTGAAATCTTTTCCGCTCAGGGAAAGGCACTTAACGAGGTGGCGAACCGAAATGTTAAAGTTCTCGTCGTGGGAAACCCTGCCAATACAAACGCCCTGATTACCATGAAAAATGCACCCGATTTAAATCCGAAGAATTTTTCAGCAATGATGCGGTTGGACCATAACAGAGCATTATCCCAAGTGGCACAAAAAGTGGGGAAGCCTGTATCTTCCATCCGCAAGATGATTGTCTGGGGTAATCATAGCGCCACCCAATATCCAGACTTAAGTCATGCTGAAATTGATGGTCAAAAAGTCCTGACCCTCATCAACGATCAAGCCTGGATTGAAAACTATTTTATTCCTACCGTTCAGAAACGCGGTACCGCAATCATCGAGGCACGGGGTCTGTCAAGTGCAGCGTCGGCGGCTAACGCGATTATTAACCACATGCACGACTGGATATTTGGTACCCGGGAGAACGATTGGGTGAGCATGGGTATACCGAGTGATGGATCCTATGGAATTCCTGAGGGCGTAATCTACGGCTATCCGGTCACGTGTCAGAACGGGGCCTACAAAATTGTGCAGGGTCTGGAAATATCTGACTTTTCCCGCGAAAAAATGCAGGCTAGCTATCAGGAACTTCTGGAAGAACGCGACGCCATAAAACACTTACTTGCGGCCGCACTCGAGCACCACCACCACCACCACTGA | H12: MKPPIRIAITGAAGQIGYSLLFRIAAGDMLGKDQPIILQLLDIPQAQQTLKGVVMELEDCAFPLLHDVITTDDPKVAFHDADIAILVGARPRGKGMERKDLLEANGEIFSAQGKALNEVANRNVKVLVVGNPANTNALITMKNAPDLNPKNFSAMMRLDHNRALSQVAQKVGKPVSSIRKMIVWGNHSATQYPDLSHAEIDGQKVLTLINDQAWIENYFIPTVQKRGTAIIEARGLSSAASAANAIINHMHDWIFGTRENDWVSMGIPSDGSYGIPEGVIYGYPVTCQNGAYKIVQGLEISDFSREKMQASYQELLEERDAIKHLLAAALEHHHHHH*
... A19: N673_0.992 | B19: ASR | C19: Y | D19: Y | E19: Y | F19: Y | G19: ATGAGAAAGAAGATAACCGTCGTTGGGGCGGGCAACGTGGGAGCCACTGCAGCGCAGCTGATAGCGCAGAAAGGTTTAGCCGACGTGGTTTTAATAGATATTGTGGAGGGCATGCCGCAGGGTAAAGCTCTGGATATGTTAGAGGCCTGTCCGTTATGGAATTCGTCAGCCCGGATTACCGGGACCAATGACTATGCTGACACGGCCGGATCAGATATTGTCGTCATCACGGCCGGTTTGGCGAGAAAACCTGGTATGTCGCGGGACGACTTACTGCATGCCAATGCAAAAATTATCAAGGATGTGGCCGGTGAAATCGCGAAAACTTCTCCAGACGCGATCATTATTGTAGTAACGAATCCCATGGATGCCATGGCACACGTGGCGCGCAAAGTGACCGGTTTTCCGCACAATAGAGTGATTGGTATGGGTGGTGTGTTGGACTCGGCCCGTATGCGTACCTTTATCGCGTTGGAACTGGGAGTGAGTCCTGAAGACGTGCAGGCTATGGTATTAGGTGGCCATGGTGATCAGATGGTGCCGTTACCGAGATTTACTACCGTTAAAGGAATACCTATCACAGAACTGCTGCCGGAAGAGAAAATTGAGCAGATCATAGAGAGAACCCGAAACGGTGGAGCCGAGATTGTCTCACTTCTGAAAACCGGGAGCGCTTATTACGCGCCTGCCGCAAGTACAGTCGAAATGGTCGAAGCTATCCTGCGGGACAAGAAACGGATACTCCCTTGTGCCGCCTACTTAGATGGGGAATATGGAATTAAAGGTTTATACGTGGGCGTTCCTGTGATTCTGGGGAAGAAAGGAGTGGAAAAAATTATTGAGCTGGAGCTGACGGAAGAAGAAAAAGCTGCACTCGATAAATCAGCTGAAGCAGTTAAAGAGTTAATTGAAAAACTGAAAGCGGCCGCACTCGAGCACCACCACCACCACCACTGA | H19: MRKKITVVGAGNVGATAAQLIAQKGLADVVLIDIVEGMPQGKALDMLEACPLWNSSARITGTNDYADTAGSDIVVITAGLARKPGMSRDDLLHANAKIIKDVAGEIAKTSPDAIIIVVTNPMDAMAHVARKVTGFPHNRVIGMGGVLDSARMRTFIALELGVSPEDVQAMVLGGHGDQMVPLPRFTTVKGIPITELLPEEKIEQIIERTRNGGAEIVSLLKTGSAYYAPAASTVEMVEAILRDKKRILPCAAYLDGEYGIKGLYVGVPVILGKKGVEKIIELELTEEEKAALDKSAEAVKELIEKLKAAALEHHHHHH*
A20: 2491 | B20: ESM-MSA | C20: N | D20: Y | E20: N | F20: N | G20: ATGGCGCGCAAAATAACAGTAGTTGGCTCGGGAAATGTGGGCGCCACGGCAGCCCATTGGATTGCCGAGAAGGAACTCGGGGATGTTGTTCTGATAGACATTGTTGAGGGGATGCCGCAGGGTAAAGCGTTAGATCTTGCTCAGAGTCTTCCAGTGCAGGGCTTCGATTGCAAAGTTGTTGGAACTAACGATTATAAGACCACCGAAGATTCTGATATAGTTGTAATTACCGCAGGGTTGGCTCGCAAACCGGGGATGAGCCGGGATGATCTGTTAGAAAAGAATCAGGAGATAGTTAAAGGTGTCACGGAGGCAGTAGTGAAATATAGTCCTCAGGCCATTATTATTGTTGTTACGAACCCTCTGGACGCCATGGTCCAAGTCTGTTATAAATCCAGCGGCTTACCACGTGAGCGCGTCATCGGAATGGCTGGTGTGTTGGATAGCGCTAGATTTAGAACATTTCTCGCTATGGAGCTTGGTGTATCGGTTGAAGATGTACAAGCAATGGTGCTTGGCGGCCATGGAGATAGTATGGTTCCGATGCCCAGTTATACGAATGTGGCAGGTATTCCGATAACACAGCTGGTTCCCAAAGAGCGTATTGAAGCGCTCGTAGAAAGAACCAAACGTGGTGGTGCAGAGATAGTCGGGCTCCTGAAAACAGGCAGCGCTTATTACGCCCCGGCTGCCGCTGTTTCGCAGATGGTTGAAGCAATCGTGAAGGATAAAAATCGTGTGCTGCCTTGTGCAGCTTTCGTTGAGGGTGAATACGGCATTGACGGGCTTTATGCCGGTGTGCCAGTAAAATTAGGCCGTGGAGGCATTGAGGAAGTGATTGAGCTCCCTCTGAACGCTGAGGAACGGGCAGCGTTCGAAAAAAGTGCGAATGCAGTCAAAGCGCTCGTAGAGGCCATTAAAGCGGCCGCACTCGAGCACCACCACCACCACCACTGA | H20: MARKITVVGSGNVGATAAHWIAEKELGDVVLIDIVEGMPQGKALDLAQSLPVQGFDCKVVGTNDYKTTEDSDIVVITAGLARKPGMSRDDLLEKNQEIVKGVTEAVVKYSPQAIIIVVTNPLDAMVQVCYKSSGLPRERVIGMAGVLDSARFRTFLAMELGVSVEDVQAMVLGGHGDSMVPMPSYTNVAGIPITQLVPKERIEALVERTKRGGAEIVGLLKTGSAYYAPAAAVSQMVEAIVKDKNRVLPCAAFVEGEYGIDGLYAGVPVKLGRGGIEEVIELPLNAEERAAFEKSANAVKALVEAIKAAALEHHHHHH*
A21: 4806 | B21: ESM-MSA | C21: N | D21: N | E21: N | F21: N | G21: ATGTCTGTTCCGGCGAAACAAAAGAAAGCAATCAATGTGGCGGTTACGGGGGCGGCCGGTCAAATCTCCAATCATCTTTTGTTTATGCTGGCGTCAGGGGATGTTTTCGGCTTGGACCAGCCGATTACGCTGTATTTGCTGTTATCTGAACGCGCCCGGGAAGCCTTGGAGGGCGTAGCCATGGAGCTGGAAGACTCTTTGTGTCCCCTGTTACGCGAAGTTCATATCTCCATGGACCCACGCGAAGTATTTAAAAATTCCGATTGGGCTCTGTTAATCGGAGCCAAACCGCGAGGCCCTGGCATGGAAAGAGCAGACCTTCTGGAGGTTAATGGTCGTATTTATAAGGAACAGGGTCTGGCATTGAACGAAGTGGCTGCACGCGACGCCAAAGTCCTGGTTGTTGGCAACCCGTGCAATACGAACGCGTTGATTGGTTTAATGAACGCCCCGAATCTCCCACGGAAAAACATGCATGCACTGACAAGACTCGACGAAAATCGCGCTAAATCTCAACTGAGCTTGAAAGCGGGTAAGTTCTATACATCTATTACCAACATGACTATTTGGGGCAACCATTCGACCACTCAGGTACCAGATTTTGTAGATGCTACCATTGACGGTAAAAATGCTCGTGAAGTTATCCGCGATGATGATTGGCTGAAAAATGATTTCGTGCCTCTGGTCGCGAACAGAGGTGGAGTGCTGATTAAAAAATGGGGTCGTTCTTCAGCCGCATCTACCGCGGTATCGATCGCGGACCACCTGCACAGCCTTGTTACACCTACTAATCCGGGGGAGTATTTTAGTACGGCAGTGTATACTGATGGAAATCCCTATGGGATAGATGAGGGAATCGTATTTAGTATGCCATGTAAATCGAATGGTGAAGGTGATTACGAGATTATCGACGGCCTGATCATGGATGAGTGGTTGCAGGAGAAAATCCATGTGAGCGAAACGGAACTGATTCAAGAACGCGATGCTGTGGCACATTTAGTTCCGAAACCTGCCGTGGCCGCCGTCGTAGAAGCGGCCGCACTCGAGCACCACCACCACCACCACTGA | H21: MSVPAKQKKAINVAVTGAAGQISNHLLFMLASGDVFGLDQPITLYLLLSERAREALEGVAMELEDSLCPLLREVHISMDPREVFKNSDWALLIGAKPRGPGMERADLLEVNGRIYKEQGLALNEVAARDAKVLVVGNPCNTNALIGLMNAPNLPRKNMHALTRLDENRAKSQLSLKAGKFYTSITNMTIWGNHSTTQVPDFVDATIDGKNAREVIRDDDWLKNDFVPLVANRGGVLIKKWGRSSAASTAVSIADHLHSLVTPTNPGEYFSTAVYTDGNPYGIDEGIVFSMPCKSNGEGDYEIIDGLIMDEWLQEKIHVSETELIQERDAVAHLVPKPAVAAVVEAAALEHHHHHH*
A22: 40 | B22: ESM-MSA | C22: N | D22: Y | E22: N | F22: N | G22: ATGTCCGAAAATGCGCCCAAGCGGATCGCTGTAACGGGTGCCGCGGGCCAGATCGGCTATGCTTTATTATTTCGTATAGCCAAAGGTGAAGTCTATGGTCCGGACCAACCTGTAATTCTGCAGCTGCTGGATTTAGAACAGGCCCAACGTGCGGTCCAAGGGGTGGTTATGGAACTTGCTGATTGCGCCTTTCCGTTGCTGGCGGGGACGGTAGTAACAGATGACCCAGCGGTTGCTTTTGCCGACGTAGATGCGGCATTCCTGGTAGGTAGCAGACCTCGCACACCGGGCATGGAGCGCACTGATTTACTGCAGGTGAATGCGGGTATTTTCGTCACCCAGGGGCGCGCTCTCAATGAGGCGGCTAACAGAAAAGCCAAGGCTCTGGTAGTAGGGAATCCGGCAAACACAAACGCATTCATTACAGCTGCGAATGCTCCCGATATCCCGGCTGAAAACTTCACCTGTATGTTGCGCCTGGACCATAATAGAGCTTTGTGCCTGTTGGCAACCAAAGGTGGAGTAGGCGTACGTGAGATTAACAAGCTGGTCGTATGGGGGAACCATTCACCCACCATGTTCGCTGATTGGCGTGATGCCCAGATCAATGGACAGCCGTTACCTAAAGTGATTGGCGATGAAGAGTGGTTACGGGACGGCTTAATTCCGACAGTTAGCAAACGCGGGGCAGCGATTATTGCGGCTCGGGGCGCCAGCTCTGCTGCTTCGGCAGCTAATGCGGCCGTTGACCACGTTAGAGATTGGATTAATGGTTCGGAAGGGGATTGGGTTTCTATGGGTGTACCTAGCAACGGTGCTTATGATGTTCCGGAGGGCATCATGTTTGGGGTACCGGTGATCTCTGCTCGTGGTTCTTATGAGCGCGTAGAGGGCTTAGCTTTTACGGATTTTTCTCGCGAATACTCAGCTCGCACTGCCGCAGAATTAATTGGTGAACGAGAAGCAGTGCGGCCATTAATTGCGGCCGCACTCGAGCACCACCACCACCACCACTGA | H22: MSENAPKRIAVTGAAGQIGYALLFRIAKGEVYGPDQPVILQLLDLEQAQRAVQGVVMELADCAFPLLAGTVVTDDPAVAFADVDAAFLVGSRPRTPGMERTDLLQVNAGIFVTQGRALNEAANRKAKALVVGNPANTNAFITAANAPDIPAENFTCMLRLDHNRALCLLATKGGVGVREINKLVVWGNHSPTMFADWRDAQINGQPLPKVIGDEEWLRDGLIPTVSKRGAAIIAARGASSAASAANAAVDHVRDWINGSEGDWVSMGVPSNGAYDVPEGIMFGVPVISARGSYERVEGLAFTDFSREYSARTAAELIGEREAVRPLIAAALEHHHHHH*
A23: 2568 | B23: ESM-MSA | C23: N | D23: Y | E23: N | F23: N | G23: ATGTCTAGCAATCGTGTTAAGGTTGCGATTACGGGCGCCGCAGGTCAGATTGGCTATGCGCTTTTATTCAGAATTGCCTCAGGGCAAATGTTTGGTGCAGACACCCCGGTTGAACTGCAATTGCTGGAGGTAGAACCTGCGATTCCCGCTCTTAAGGGCGTCGTGATGGAGTTAGATGACTGCGCATTCCCTCTGTTGAACAACATGGTGCCTACAAACGACATTAATGACGGTTTTAAAGATGTGAATTGGGCTATATTGGTGGGGGCGGTGCCACGCAAAGTGGGTATGGAACGTCAAGATTTGCTGGAAATTAATGCTGGGATTTTTACTGAACAAGGTCGTGCAATTAATGATAATGCCGCTCATGATGTACGTACCCTCGTGATTGGGAATCCATGCAATACAAACTCGCTCATTGCTCAGCAGAATGCTCCTGACGTTCCAAAAGATCGTTTTTTCGCTATGACGCGCCTGGACGAGAATCGTGCCCGTACACAGATTGCTGCAAAAGCCGGTGTTGACGTCACCGCAGTCAGCAACATGACTATTTGGGGTAATCATTCAAGCACTCAATATCCCGATTTCTATAATGCTAAAATAAATGGCAAACCGGTTACAGAAGTGATTACTGACCAGGTTTGGCTGGAATCGGAATTTATCCCTGTGGTTCAGCAACGGGGCGCACAGATCATCGAAGCCAGAGGGGCATCGTCTGCAGCATCTGCCGCTAATGCAATTATTATGTCTATCTATAATCTTACACACGGAACCCCCGATGCCGATGGTTTTTCAGTTGCACACCCAAGTACCGGTGAGTACGATATAGATGAAGGGCTTATGTTCGGTTACCCTTGCCGATTCAAAGATGGTGAGTTAGAAGTTATCTCAGGGATTGAGCATAACGATTTTGCACAGGAAAAAGTTACTATGACACTGGAGGAATTAAAAGAAGAGCGGCAAGGTGTCAAAGAACTGGCGGCCGCACTCGAGCACCACCACCACCACCACTGA | H23: MSSNRVKVAITGAAGQIGYALLFRIASGQMFGADTPVELQLLEVEPAIPALKGVVMELDDCAFPLLNNMVPTNDINDGFKDVNWAILVGAVPRKVGMERQDLLEINAGIFTEQGRAINDNAAHDVRTLVIGNPCNTNSLIAQQNAPDVPKDRFFAMTRLDENRARTQIAAKAGVDVTAVSNMTIWGNHSSTQYPDFYNAKINGKPVTEVITDQVWLESEFIPVVQQRGAQIIEARGASSAASAANAIIMSIYNLTHGTPDADGFSVAHPSTGEYDIDEGLMFGYPCRFKDGELEVISGIEHNDFAQEKVTMTLEELKEERQGVKELAAALEHHHHHH*
A24: 317 | B24: ESM-MSA | C24: N | D24: Y | E24: N | F24: N | G24: ATGACACAGCCTGTCAGAGTGGCTGTTACAGGTGCGGCCGGCAACATTAGTTATAGCTTGCTGTTTCGCATTGCCGGGGGTGAAATGCTTGGCCCTGGTCAGCCTGTCGTCCTGCAGCTGCTTGAAATTAAGCCTGCCTTGGACGCATTGAAGGGCGTGGTCATGGAACTTGAGGATTGCGCCTTCCCGCTCCTTCAAGGTGTGAAGATCTCAGATGATCCGGCCGAAGCTTTTAAGGACGCAGAGGTTGCAATGTTAGTAGGCGCGCGTCCCCGCGGGCCCGGGATGGAACGGAAAGATCTTCTGACGGCAAATGGTGGAATCTTTCGAACCCAGGGCAAGGCGCTCAACGATAACGCAAGTGATTCTGTAAAAGTGTTAGTGGTGGGTAATCCTGCGAATACAAATGCCCTCATTGCGGCTACAAATGCACCCGATTTAAAACCGGGTAGATTTACCGCGATGACGCGGTTAGACCATAATCGTGCACTTGCACAGCTGGCGGAGAAAGCGGGTGTGAAAGTATCCCAGATCACCGGTATCACCATCTGGGGTAACCACTCTGTTACGCAGTATCCTGATCTGTCGAGAGCGACCGTGGCGGGCGAGGCGGCACTCAAAGTGATTGATGATAGCTGGTACAAGGAGACATTCATTCCGACAGTACAACAGCGTGGTGCCGCGATAATAAAGGCGCGTGGAATGAGTTCCGCAGCATCGGCTGCGTCAGCGGCGATTGAGCATATGCACGGTTGGTCACTTGGAACCGCAGAAGGCAATTGGATTTCAATGGCGGTTCCGTCCGACGGAAGCTACGGAGTTCCAGAAGGATTGATTTTCTCTTTTCCGTGTACAGTAAAGGATGGGGAATTCGAGATCGTTCAAGGATTACAAATAGACGAGTGGAGTCGCAATAAAATAGAGCTGACGACGCAGGAACTGATGGAAGAAAGAGATGGTGTCAATCATTTATTTGCGGCCGCACTCGAGCACCACCACCACCACCACTGA | H24: MTQPVRVAVTGAAGNISYSLLFRIAGGEMLGPGQPVVLQLLEIKPALDALKGVVMELEDCAFPLLQGVKISDDPAEAFKDAEVAMLVGARPRGPGMERKDLLTANGGIFRTQGKALNDNASDSVKVLVVGNPANTNALIAATNAPDLKPGRFTAMTRLDHNRALAQLAEKAGVKVSQITGITIWGNHSVTQYPDLSRATVAGEAALKVIDDSWYKETFIPTVQQRGAAIIKARGMSSAASAASAAIEHMHGWSLGTAEGNWISMAVPSDGSYGVPEGLIFSFPCTVKDGEFEIVQGLQIDEWSRNKIELTTQELMEERDGVNHLFAAALEHHHHHH*
A25: 2584 | B25: ESM-MSA | C25: N | D25: Y | E25: N | F25: N | G25: ATGGCCCGCTCTAAAATAGCATTAGTGGGGGGTGGCAATATCGGCGGAACTCTCGCACACTTGGCTGGCCTTAAAGAGCTGGGAGATATCGTAATATTCGATATTGTGAAAGGCCTGCCTGCCGGTAAAGCGCTGGACCTCGTTCAGGCCGCGCCGGTCCGCGGTTTTGATGCAAAAATCGAAGGTTCAAACTCTTATGAGGCTGTTAAGGGTGCCGACGTAGTTCTGGTAACAGCGGGTGTGGCACGGAAACCTGGGATGTCTCGCGATGACCTGTTGACTATCAATGCACAGACAATGGTTGACGTTGGTAAAGCTATAAAAAAGTACGCTCCGAATGCGTTTGTCCTGTGTATCACCAATCCCTTAGACGCCATGGTTTGGACCCTGCGAAACGTCACAGGACTGCCGTCGCAAAAGGTTTGTGGAATGGCTGGGGTGCTGGATTCGGCCCGCTTCCGCTATTTTCTTGCTCGTGAGCTGAAGGTCTCCGTAGAAGATATCACAGCCATGGTGCTTGGTGGCCATGGTGATACCATGGTGCCGCTGACACGTTACAGCACAGTTGCCGGTATACCTCTGCCTCACCTGGTTAAAATGGGCATGATTAGCCAGAATAAACTGGACGCGATTGTACAGCGAACCAGAAATGGTGGCGCCGAAATCGTTCAGCTTCTTAAAACTGGCTCTGCCTTTTACGCCCCTGCAGTGGCAGCAGTACAGATGGCTGAAGCTTATTTGAAAGACCGAAAACGTGTCTTGCCGTGCGCAGTAAAGTTGTCGGGCGAATATGGGGTCTCTAACATTTTTGTTGGCGTTCCCGTGATTCTGGGTGCGCGCGGAGTTGAGAAAGTTATCGAACTGAAATTATCTAAGGATGAAAAAAAAGCGTTTCTGAACAGCGTTCGAGCTGTCACAGGCTTGGTAAAAGAGTCAGATAAAGTGTTCGAAAGCGGCGCCGGGGCGGCGGCCGCACTCGAGCACCACCACCACCACCACTGA | H25: MARSKIALVGGGNIGGTLAHLAGLKELGDIVIFDIVKGLPAGKALDLVQAAPVRGFDAKIEGSNSYEAVKGADVVLVTAGVARKPGMSRDDLLTINAQTMVDVGKAIKKYAPNAFVLCITNPLDAMVWTLRNVTGLPSQKVCGMAGVLDSARFRYFLARELKVSVEDITAMVLGGHGDTMVPLTRYSTVAGIPLPHLVKMGMISQNKLDAIVQRTRNGGAEIVQLLKTGSAFYAPAVAAVQMAEAYLKDRKRVLPCAVKLSGEYGVSNIFVGVPVILGARGVEKVIELKLSKDEKKAFLNSVRAVTGLVKESDKVFESGAGAAAALEHHHHHH*
A26: 474 | B26: ESM-MSA | C26: N | D26: Y | E26: N | F26: N | G26: ATGAAAATAACCGTTGTCGGTGCAGGTGCCGTTGGAGCCACCTGCGCTGATAATATCGCTAGAAAGAAGCTTGTCGATGAGATCGTCTTGTTGGACATTAAAGAAGGCTTTGCAGAAGGAAAGGCCATCGATCTGATGCAGACCGCATCCCTCATGACTTTTGACACCAGAATCACCGGCGAAACAAATGATTACGCATTAACCAAAGGTTCTGATGTAATCATTATCACGAGCGGGATCCCTCGCAAACCCGGTATGACGCGTGAGGAACTTATAGGAGTGAATGCCCGCATTGTATCGAATGTGGCAAATAATTTACTCAAATATTCACCGAATGCTATAATCGTTGTGATCTCCAACCCGATGGACACCATGACGTACCTGACCTTTAAAGCAACTGGTCTGCCAAAAAATCAGATTATCGGAATGGGAGGAGTCCTGGACAGCTCCCGCTTTAAGTATCACATCTCTAAAGCCATGGATATATCTCCTAATGACATACATGGTGTAGTTCTGGGCGGACACGGTGATAGTACGATGATACCCCTGACGCGCTGCGCCACATATAACGGTGTCGAGATTAACAATTATCTTACAGATCAACAGTTAAAAACCGTGGCAGATGACACCATGACAGGAGGCGCAGCCTTGACTAGCCTCCTGGGTACGAGCGCTTGGTACGCCCCTGGCGCAGCTGGTGCACAGCTCGTAGAAGCCATTATCCGTGACGAAAAACGCCTGTTCCCATGCTGTGTATACTTGCATGGGGAGTATGGTCAAAAGGACATTTGCCTTGGGGTCCCGGTTATCATTGGGAAGAATGGCTGGGAGAAAATTTTGGACTATCCGCTCGACGCTGAAGAGCGCGCAAGTTTTGCCTCTTCTGCAGACGCAGTACGTAATATGAATAAGGTTCTCGTTACAGCGGCCGCACTCGAGCACCACCACCACCACCACTGA | H26: MKITVVGAGAVGATCADNIARKKLVDEIVLLDIKEGFAEGKAIDLMQTASLMTFDTRITGETNDYALTKGSDVIIITSGIPRKPGMTREELIGVNARIVSNVANNLLKYSPNAIIVVISNPMDTMTYLTFKATGLPKNQIIGMGGVLDSSRFKYHISKAMDISPNDIHGVVLGGHGDSTMIPLTRCATYNGVEINNYLTDQQLKTVADDTMTGGAALTSLLGTSAWYAPGAAGAQLVEAIIRDEKRLFPCCVYLHGEYGQKDICLGVPVIIGKNGWEKILDYPLDAEERASFASSADAVRNMNKVLVTAAALEHHHHHH*
A27: 2808 | B27: ESM-MSA | C27: N | D27: Y | E27: N | F27: N | G27: ATGGCAAGACCGAAAATCTCCATAGTGGGTGCAGGTCATGTTGGCGCCACCACCGCGTTCGAGGCGGCGCGCTTAGGTCTCGGCGACATAGTCCTGCTTGATATTCCGCCTGCAGATGGTATGCCTAAAGGTAAAGCACTTGACATGCAGGAGGCTGCCCCAATCGAAGGCTATGCGTCCGCGGTTGTGGGTACCAATTCTTATGAGGCAACAGAAGACAGCGATGTTGTAATAATCACGGCCGGCATGGCACGGAAACCGGGTATGAGTCGCGATGACCTTCTGGCCAAAAACGCGGGCATCGTCAAGGATGTTACCGAACAGGTTGCCAAGAAAAGTCCGAATGCAGTTTTAATCGTGATATCCAATCCGCTGGATGCGATGGTCTGGGTGGCTTATAAGGCCTCCGGTTTCCCTGTAAATCGTGTTGTGGGAATGGCCGGGGTATTAGACACCGCCCGCTATCGTACGTTCCTGGCTAGTGAGTTGGGAGTAAGTGTTGACGACGTTCATGCGATGCTGCTGGGGGGTCATGGGGACCCTATGGTTCCGTTAGTTCGGTACACTTCGGTTGGAGGTATTCCACTGCCTGATCTGATCAGTCAAGATAGACTGGATGCGATAGTCGAGCGGACACGCAGCGGTGGCGCTGAAATCGTTGGACTCCTGAAGACGGGTAGTGCGTTCTATGCACCATCAGCCTCAATGATCCAGATGGCTGAAGCGATACTGCGGGATCGCAAGCGTATACTGCCGTGTGCGGCGTATTGTAATCCTGAGTACGGAAATAATGGTTACTTTGTAGGTGTGCCGGTCAAGCTCGGTGCAAACGGCGTCGAGCAAATTGTGGAAGTTGCGCTGACCGCGGCCGCACTCGAGCACCACCACCACCACCACTGA | H27: MARPKISIVGAGHVGATTAFEAARLGLGDIVLLDIPPADGMPKGKALDMQEAAPIEGYASAVVGTNSYEATEDSDVVIITAGMARKPGMSRDDLLAKNAGIVKDVTEQVAKKSPNAVLIVISNPLDAMVWVAYKASGFPVNRVVGMAGVLDTARYRTFLASELGVSVDDVHAMLLGGHGDPMVPLVRYTSVGGIPLPDLISQDRLDAIVERTRSGGAEIVGLLKTGSAFYAPSASMIQMAEAILRDRKRILPCAAYCNPEYGNNGYFVGVPVKLGANGVEQIVEVALTAAALEHHHHHH*
A28: 692 | B28: ESM-MSA | C28: N | D28: N | E28: N | F28: N | G28: ATGCGGATCCCCGTGCGTATTGCTGTCACGGGAGCCGCGGGACAGATTTCATATGCTCTGCTTTTTCGTATTGCCAATGGCGACATGCTGGGCAAAGAGCATCCGATTATTTTACATCTCCTGGATATACCGCAGGCCCAACCCACGCTTCAAGGTGTTGCCATGGAACTGGAGGATTGTGCATTTCCGATGCTCCACCAGATCGTGATTACTGACGATCCTAAACGTGCATTCCATGATGCCGATCTCGTCCTGCTGGTGGGCTCGAAGCCGCGTTCAAAGGGTATGGAGAGATATGAACTGATCCGTGTTAACGCGGGCACCTTCGCAGACCAAGGTAAAGTATTAAATGATTTCGCGCAACATCACGTCAAAGTTCTTGTTATTGGGAACCCTGCAAACACCAATGCGATGATACTCATGCATAACGCACCGGATATCTCTTCGCGTAACTTCAGCAGTATGATGAGACTCGATCACAATCGTGCGATTAGCATGGTAGCAATGAAATTGTCTAGACCTATCACATCAGTTAAGAAGATGATCGTATGGGGCAACCACTCCTCAACTCAATACCCTGATTTATATCATGCAACGGTGGACGGTTCTAGCATTACAACAATTCTGCGCGATCATAAATGGGTAGAAAAGGAATTCATTCCCACTGTTCAGAAACGCGGCACCGCGGTTATTGAGGCCCGCAACCTCTCTTCAGCGGCGACGGCCGCTAATGCCGCAATCGGTCACATCCATGATTGGATCTTTGGAACTCACCATGATGATTGGGTGACAATGGCAGTTGTTTCTGATGGGTCTTATGGGGTTCCGCGCGGAATAGTCCATGGCTTTCCGGTTACTTGCCATCAAGGAGATTATAAAATTATAACCGATTTAACCATTTCTACCAATTCACGTCGCTATATGTTGGCTAATTATCACGAGCTTTTACAAGAGCGCGATCAGGTGGAACATTTACTTGCGGCCGCACTCGAGCACCACCACCACCACCACTGA | H28: MRIPVRIAVTGAAGQISYALLFRIANGDMLGKEHPIILHLLDIPQAQPTLQGVAMELEDCAFPMLHQIVITDDPKRAFHDADLVLLVGSKPRSKGMERYELIRVNAGTFADQGKVLNDFAQHHVKVLVIGNPANTNAMILMHNAPDISSRNFSSMMRLDHNRAISMVAMKLSRPITSVKKMIVWGNHSSTQYPDLYHATVDGSSITTILRDHKWVEKEFIPTVQKRGTAVIEARNLSSAATAANAAIGHIHDWIFGTHHDDWVTMAVVSDGSYGVPRGIVHGFPVTCHQGDYKIITDLTISTNSRRYMLANYHELLQERDQVEHLLAAALEHHHHHH*
A29: 3854 | B29: ESM-MSA | C29: N | D29: Y | E29: N | F29: N | G29: ATGGATCTCAGTAGCAGTAGCACCATGGGGAGAGCTAAAATAACTATTGTAGGCGCCGGCAACGTGGGTGCAACCACCGCACACTGGGCTGCTGCTGCAGAGCTGGGCAAAGACATAGTACTGCTGGATATACCGCAGACCGCCGGTATGCCGCAAGGCAAGGCGCTGGATATTATGCAAAGTACGCCTATTCTCGGTTTCGACAGCACAGTCATTGGAACTACCGATTACGCAGACACTAAAGGCTCCGACATTGTTGTAATCACAGCCGGAATTCCTCGTAAACCGGGTATGTCGAGAGATGACCTTCTGGCGACAAATAGTAAAATAATCCGGATGGTTTGTCAGCAAGTTCGCGACATCTCCCCTAACTGTGTGGTAATTGTTGTTTCCAATCCTCTCGACGCTATGGTGCACCTGACAAGTCGCGTTAGTGGGTTCCCGCGTAATCGGGTAATCGGGCAGGCGGGAGTTTTGGACACTGCAAGATATCGTACGTTTATTGCGCAAGAACTGGGGGTCAGTGTAGAAGATATTACCGCGTTGTTAATGGGTGGCCATGGGGATACAATGGTACCTATGCCGTCCTGCACCACAGTCGGCGGAATTCCAGTTACAAGACTCATTCCAAGAGATCGACTGGACGAGATCATGGACCGTGCGCGAAAAGGTGGCGCAGAAATTGTTAGCCTTCTGAAAACCGGTAGCGCTTATTATGCCCCATCCGCAGCTACCACCCAAATGATCGAGAGCATCATCGCAGATGAAAAAAAGTTATTGCCGTGCGCGGCATTTTGCCAAGCTGAGTACGGCGTTGGGGGTTTTTATGTGGGCGTTCCCGCCTTCCTGGGTAAAGGCGGTGTAGAAAAAATATTGGAACTCGAGTTAAATGAAGCCGAAAAGGCGGCATTCAATAAGTCTGTGGAAGGTGTTAAGGCTTTAGTTGCCGCAATGGCTAAGCTGCCGGCGGCCGCACTCGAGCACCACCACCACCACCACTGA | H29: MDLSSSSTMGRAKITIVGAGNVGATTAHWAAAAELGKDIVLLDIPQTAGMPQGKALDIMQSTPILGFDSTVIGTTDYADTKGSDIVVITAGIPRKPGMSRDDLLATNSKIIRMVCQQVRDISPNCVVIVVSNPLDAMVHLTSRVSGFPRNRVIGQAGVLDTARYRTFIAQELGVSVEDITALLMGGHGDTMVPMPSCTTVGGIPVTRLIPRDRLDEIMDRARKGGAEIVSLLKTGSAYYAPSAATTQMIESIIADEKKLLPCAAFCQAEYGVGGFYVGVPAFLGKGGVEKILELELNEAEKAAFNKSVEGVKALVAAMAKLPAAALEHHHHHH*
A30: 1047 | B30: ESM-MSA | C30: N | D30: Y | E30: N | F30: N | G30: ATGAACTTGCCGCCCGTCCGTGTTACGGTCACCGGTGCCGCCGGCCAGATTGGTTACTCCCTGCTCTTTCGCATTGCCTCTGGTCAGATGTTCGGTCCAGATGTTCCGGTACGTTTTCGCCTGCTCGAAATACCGACTGGAACGAAAGCAGCCGAAGGTACAGCAATGGAACTGGACGACTGTGTATTCCCGCTGCTGCTGGGCATGGAGGTGTTCGATGATCCGCGTGACGCCTTTAAGGGTACCAATGTTGCTCTGCTGGTTGGCTCGAGACCGCGTAAGCCGGGTATGGAGCGCAGCGATCTTATCGACGCGAATGGGGGCATATTTCGCCCGCAGGGAGCTGCCATTAACGAATTTGCCGCCGACGATGTTCGGGTACTGGTAGTTGGAAATCCAGCAAACACCAACGCGTTAATAGCGCAGAGTAATGCCCCGGACGTGCCACGTGAGCGGTTCAGTGCCATGACACGGCTGGATCACAACCGTGCCGTTGCTCAGTTAGCTGAGAGAGCTGGCGTACCCGTGTCCGATGTACGAGCACTTTGTATTTGGGGAAATCACTCGAGCACGCAGTTTCCTGACGTATTTCATGCAGAAATTGCAGGCCAGCCTAGTGCAGAAATAATTGAAGATGTCGATTGGTATTTGGACGAATTCATCCCTACCGTTGCCCAGCGGGGAGCAGCCATTATAGCTGCCCGCGGCGCTTCTAGCGCTGCCAGCGCAGCAAATGCCATTATAGACAGTGTACGAGACTGGGTGTTGGGGACCGACGAAGGGGACTGGGTTTCAGCGGGCGTCGCGTCCGATGGTTCCTATGACGTGCCAACCGGACTTATAGCCTCTTTCCCCGTGACTTCTTCCGATGGCACTTGGCAGATTGTCCAGGGAATGGAAATTACCGATTTTAGTAAAGAACGTATAGACGCAAGCGTTGCAGAGCTTATTGAGGAACGAGATGCTGTGGCTACGGCGGCCGCACTCGAGCACCACCACCACCACCACTGA | H30: MNLPPVRVTVTGAAGQIGYSLLFRIASGQMFGPDVPVRFRLLEIPTGTKAAEGTAMELDDCVFPLLLGMEVFDDPRDAFKGTNVALLVGSRPRKPGMERSDLIDANGGIFRPQGAAINEFAADDVRVLVVGNPANTNALIAQSNAPDVPRERFSAMTRLDHNRAVAQLAERAGVPVSDVRALCIWGNHSSTQFPDVFHAEIAGQPSAEIIEDVDWYLDEFIPTVAQRGAAIIAARGASSAASAANAIIDSVRDWVLGTDEGDWVSAGVASDGSYDVPTGLIASFPVTSSDGTWQIVQGMEITDFSKERIDASVAELIEERDAVATAAALEHHHHHH*
A31: 3960 | B31: ESM-MSA | C31: N | D31: N | E31: N | F31: N | G31: ATGGGTCGCAAAAAAATCGCATTGATCGGCAGCGGAAATATTGGCGGAACGCTCGCTCATTTGGCTGGGCTGAAGGAGCTGGGAGATATAGTTTTATATGATATCATCGAAGGTCTGCCGCAGGGAAAATCGTTGGACTTGTCTCAAGCCAGTCCAGTCGAACGTTATGATTCCAATATGGGTCCTGCGAAAGACTATAGTGCGATTGAAGGCGCGGATGTGATTATTGTATCGGCAGGGGTGCCTCGCAAACCGGGGATGTCTCGTGATGACTTGGTAGGCATTAATCTGAAAATTATTAAATCGGTTGGAGAAGGCATTAAGAAACACTGCCCTGACGCCTTTGTGATTGTGGTGACCAATCCGCTCGACGCCATGGTTTGGGTGCTTAAAAAAGAGACAGGTTATCCTGCTCAAAAAGTGGTGGGCATGGCCGGAGTACTTGATTCAGCGCGGTTTCGTTACTTTTTAGCGGAGGAAATGGGTGTCTCCGTGGAAGATGTGACAGCAATGGTACTTGGAGGCCACGGCGATACCATGGTACCTCTGGCAAAATATTCCACCGTTGCGGGCATCCCTTTACCGGACCTGGTTAAAATGCAGTGGACGACCAAAGATAAACTGCAGCAAATAGTGCAGCGCACACGAGACGGGGGTGCTGAGATAGTGAACCTGCTCGGAACCGGGTCAGCGTTCTATGCGCCGGCGTCCGCTGCGGTAGAAATGGCAGAGTCCTATCTCAAAGATAAAAAACGTATCATGCCTTGTGCAGCGTACATGGATGGAGAGTATGGCGAGCATGGGTTATATATCGGCGTGCCTGTTATTATCGGAGGTGGGGGCGTCGAAAAGGTTGTTGAACTGAACCTTACTGCTGAAGAAAAAAAGGCTTTTCAGAAAAGTGCTGAATCGGTTCGGGCACTGGTAAAGGCATGTAAAGCAGCGGCCGCACTCGAGCACCACCACCACCACCACTGA | H31: MGRKKIALIGSGNIGGTLAHLAGLKELGDIVLYDIIEGLPQGKSLDLSQASPVERYDSNMGPAKDYSAIEGADVIIVSAGVPRKPGMSRDDLVGINLKIIKSVGEGIKKHCPDAFVIVVTNPLDAMVWVLKKETGYPAQKVVGMAGVLDSARFRYFLAEEMGVSVEDVTAMVLGGHGDTMVPLAKYSTVAGIPLPDLVKMQWTTKDKLQQIVQRTRDGGAEIVNLLGTGSAFYAPASAAVEMAESYLKDKKRIMPCAAYMDGEYGEHGLYIGVPVIIGGGGVEKVVELNLTAEEKKAFQKSAESVRALVKACKAAAALEHHHHHH*
... A54: 4093 | B54: GAN | C54: N | D54: Y | E54: N | F54: N | G54: ATGAAAGTCACCGTTGTGGGAGCCGGTAACGTTGGTGCTACTTGCGCTGATGTGCTGGCGCAGAAAGATTTAGCAGATGAAGTTGTCCTGATCGACATTAAGGAAAATGACGCTGAGGGTAAGTCTGCCGACGATTGGGAATGGGCGCCGATTGTGCTCGGAGATTCCCGTACCAAAGGATTTACGAATAGTTACTCGAAAACATCGGGGAGCGATGTTGTTGTTATTACCTCTGGAGTTCCTCGTAAACCAGGGATGAGCCGTGACGATCTGATTAGCATTAACGCGGGAATTGTAAAAAGCGTCTCAGAACAGGTAGTTAAATACAGCCCCGACGCTGTCATTATTGTAGTTTCTAATCCACTGGATGTCATGGTTCAACGAGCCTTCTGGACCACTGGCATTCCGAGCAAAAGAGTGTTTGGTATGGCCGGAGTGCTCGATACCGCACGGTACCGCTCCTTTCTGTCAGAAGCCCTGAACGTTAGCCCTAAAGATATTCAGGCAGTTTTGATGGGCGGACATGGTGACACGATGGTGCCACTTCCGCGTTATACGACAGTTTCTGGTATACCTGTTACAGAACTGATAGAAGCCGATAAACTTGATGCGATTATCGATAGAACCAAAAAGGGTGGTGGAGAAATCGTCAACCTGATGGGGACATCGGCTTGGTACGCGCCTGGTTGTGCAGCAGTCCAGATGGTAGAATCAATCGTTCGTGATCAAAAACGTATTTTCCCGGTTTGTGCTCACTTAAACGGTGAATATGGAGTCAAAGGGATTTTTTTGGGTGTCCCTGTAAAGCTGGGAAGAGCCGGGATACAGTCCATCATTGAATTACAACTTAATGACGATGAAAAAGCTCTGCTGAAAGGGAGCGCCAAAGCCGTCAAAGATGTTATGGCTGTTCAGGACGGAATGGCGGCCGCACTCGAGCACCACCACCACCACCACTGA | H54: MKVTVVGAGNVGATCADVLAQKDLADEVVLIDIKENDAEGKSADDWEWAPIVLGDSRTKGFTNSYSKTSGSDVVVITSGVPRKPGMSRDDLISINAGIVKSVSEQVVKYSPDAVIIVVSNPLDVMVQRAFWTTGIPSKRVFGMAGVLDTARYRSFLSEALNVSPKDIQAVLMGGHGDTMVPLPRYTTVSGIPVTELIEADKLDAIIDRTKKGGGEIVNLMGTSAWYAPGCAAVQMVESIVRDQKRIFPVCAHLNGEYGVKGIFLGVPVKLGRAGIQSIIELQLNDDEKALLKGSAKAVKDVMAVQDGMAAALEHHHHHH*
A55: G5BG62 | B55: TEST | C55: N | D55: N | E55: N | F55: N | G55: ATGGCCCCGTTGGCTGATGACGCTCTGCAGGACCCCCGGTTCCTGATCGGCTACTTAGGTCCGGAACAGCTCCCGGATTGTCTTAAGGGGTGCGATGTTGTCGTAATTCCGGCAGGCGTTCCTCGCAAACCGGTTGTCAATACGCAGCCATTAGCCACGATCTGGAAAAGTCTGATGAGTTTCATGAATCTGTCTTGCTGGATCATTTCGGGGATGACGCGCGATGATCTGTTTAATACCAATGCTACAATTGTGGCCACACTTACTGCAGCTTGCGCCCAACACTGTCCGGAGGCTATGATTTGCATCATTGCCAACCCAGTCAATTCGACAATTCCGATTACCGCCGAAGTTTTCCGAAAGCATGGCGTTTATAATCCCAATAAAATTTTTGGCGTCACGACACTGGATATTGTTCGGGCAAACACTTTTGTTGCAGAGCTCAAAGGCTTGGATCCAGCGCGCGTGAATGTGCCGGTTATTGGCGGCCACGCCGGTAAAACAATTATCCCACTGATCAGTCAATGCACCCCGAAAGTGGATTTTCCCCAAGATCAGCTGGCCACACTGACAGGGCGTATTCAGGAAGCTGGTACCGAAGTGGTGAAAGCCAAAGCTGGTGCAGGGTCAGCAACCCTGAGCATGGCCTATGCCGGAGCTCGTTTTGTTTTTTCACTCGTTGATGCAATGAACGGCAAAGAGGGGGTAGTTGAATGTTCTTTTGTGCAGTCAAAAGAGACAGAATGTACCTATTTTAGCACCCCTTTACTGTTAGGAAAAAATGGCCTGGAAAAAAACTTAGGCATAGGTAAAATTTCTGCTTTCGAAGAAAATATGATTGTGGAAGCTATCCCAGAACTGAAAGCCAGTATAAAGAAAGGAGAAGATTTCGTCGCGGCCGCACTCGAGCACCACCACCACCACCACTGA | H55: MAPLADDALQDPRFLIGYLGPEQLPDCLKGCDVVVIPAGVPRKPVVNTQPLATIWKSLMSFMNLSCWIISGMTRDDLFNTNATIVATLTAACAQHCPEAMICIIANPVNSTIPITAEVFRKHGVYNPNKIFGVTTLDIVRANTFVAELKGLDPARVNVPVIGGHAGKTIIPLISQCTPKVDFPQDQLATLTGRIQEAGTEVVKAKAGAGSATLSMAYAGARFVFSLVDAMNGKEGVVECSFVQSKETECTYFSTPLLLGKNGLEKNLGIGKISAFEENMIVEAIPELKASIKKGEDFVAAALEHHHHHH*
A56: A0A7Y1W2C3 | B56: TEST | C56: Y | D56: Y | E56: Y | F56: Y | G56: ATGAAAAAGCCGGTCACGGTCGCGATTACGGGTGCCGCGGGGCAGATAGGTTATCAACTTTGCTTTAGAATTGCGGCCGGCGATATGTTAGGTCCAGACCAGCCCGTTGTGCTGAAATTACTGGAAATTACCCCTGCTTTGGATACTCTCAACGGTGTTGTAATGGAACTGCGGGATTGTGCGTTTCCGCTGCTCGATGACGTCGTGGCGTCAGATGATGCGAATGTTGCGTTTAAAGATGCGGATTATGCTCTGCTGGTCGGAGCCCGGCCGCGCGGTCCCGGTATGGAAAGATCTGATCTGCTCACGGCTAATGGGAAAATTTTTGGACCCCAGGGGCGCGCACTGAATGACCATGCATCGCGTGATGTGAAAGTTCTCGTGGTTGGCAATCCGGCTAATACGAATGCTTTGATCGCCCAGGCTAGTGCGCCAGATCTGGACCCTGCTAATTTCACTGCCATGACACGCTTAGATCATAACCGGGCACTGGCGCAGTTAGCGGGAAAGACCGGAACTCATCACCGAGATATTCAGCGCATGATAATTTGGGGTAACCATAGTAGTACGCAATATCCAGACATTCGCTTTGCTCGTGCTGGTGGCAGTGAACTCGCCGGGGGGGTGAATACCGATTGGTATCGGGAAACTTTTATACCGACGGTTCAACAGAGAGGTGCAGCCATCATAAAAGCACGCGGTGCGAGCTCAGCAGCGTCCGCGGCTTCGGCTGCAATTGATCACATGCGTAGTTGGGCCTACGGAACCCCTGATGGAGACTGGGTGTCAATGGCGGTTCCGGCCGACGGCAGTTACGGCATTGAGCCTGGCGTTATATACTCGTTTCCTTGTACCTGCGCCGATGGTCGTTATGAGATAGTACAGGGGCTGGAAGTTGACGAGTTCAGTCGCGGTCGAATGGATGCGACCGATCGCGAGCTGCGAGAAGAACGTGACGCGGTTGCTGATTTAATAGCGGCCGCACTCGAGCACCACCACCACCACCACTGA | H56: MKKPVTVAITGAAGQIGYQLCFRIAAGDMLGPDQPVVLKLLEITPALDTLNGVVMELRDCAFPLLDDVVASDDANVAFKDADYALLVGARPRGPGMERSDLLTANGKIFGPQGRALNDHASRDVKVLVVGNPANTNALIAQASAPDLDPANFTAMTRLDHNRALAQLAGKTGTHHRDIQRMIIWGNHSSTQYPDIRFARAGGSELAGGVNTDWYRETFIPTVQQRGAAIIKARGASSAASAASAAIDHMRSWAYGTPDGDWVSMAVPADGSYGIEPGVIYSFPCTCADGRYEIVQGLEVDEFSRGRMDATDRELREERDAVADLIAAALEHHHHHH*
A57: V7PCN4 | B57: TEST | C57: Y | D57: Y | E57: Y | F57: Y | G57: ATGACCAAAATCTCTCTCATTGGTTCAGGTCAGATAGGAGCAATTGTGGGCCAACTCTGTCTGTCCGAAAACATTGGTGACATAGTTCTGTACGATGTTGCCAACGGCGTGCCCCAGGGTAAATCCTTGGATCTGAAACATTTTTCGACAATTATTGGAGTGAACCGGAAAATAATCGGTACGAATAATATTGAGGATATCAAGGATTCTGATGTGATTGTCATAACGGCGGGGGTTCAGCGCAAAGAGGGTATGAGTAGAGAGGACCTGATAGGCATTAATGGAAAAATCATTAAATCTGTTGCCGAGTCAGTGAAGCAATACGCACCAAATGCTTTTGTTATTTGTGTGACCAACCCGCTGGACGTTATGGTTAACGTCTTTCACAAATACTCTAACCTCCCATACGAAAAGATCTGTGGCATGGCTGGAATTCTTGACACTAGTCGCTTCCGCTATCTGCTGGGTGAGAAACTGAACGTATCACCGGAAAACATTAATGCCATTATTCTTGGAGGTCATGGCGATCTGATGATGCCGCTGCCTCGTTATTGCTCTATTAGTGGTATACCACTGCTTGATTATATTAAGAACCACGATATGTCTGAGAAAGACATTAATGATATAATCGAAAAAACACGCAACATGGGCGGGGAAATCATAAAGCTTGCCAAAAGCAGTGCTATCTTTGCCCCAGCAGCTTCGATTCTTAAGATGATTAAATCTTACCTGCAGGACCAGAATCAGCTGTTCACCTGCGCCGTATATTTAAATGGTCAGTACAATTGTACCAATTTATATGTTGGGTCAACCGCCATTATTAATAAAACGGGGGCCCATCCGATTGAGTTTATTCTGACAGAAGAGGAGCAGGCATCATACCAGAAGAGCATTAACAACATCCGTGAAAATACCCAGAAAGCCTTGAACGCAGTTGCGGCCGCACTCGAGCACCACCACCACCACCACTGA | H57: MTKISLIGSGQIGAIVGQLCLSENIGDIVLYDVANGVPQGKSLDLKHFSTIIGVNRKIIGTNNIEDIKDSDVIVITAGVQRKEGMSREDLIGINGKIIKSVAESVKQYAPNAFVICVTNPLDVMVNVFHKYSNLPYEKICGMAGILDTSRFRYLLGEKLNVSPENINAIILGGHGDLMMPLPRYCSISGIPLLDYIKNHDMSEKDINDIIEKTRNMGGEIIKLAKSSAIFAPAASILKMIKSYLQDQNQLFTCAVYLNGQYNCTNLYVGSTAIINKTGAHPIEFILTEEEQASYQKSINNIRENTQKALNAVAAALEHHHHHH*
A58: A0A3P1ZAX9 | B58: TEST | C58: Y | D58: Y | E58: Y | F58: Y | G58: ATGGGCTTTTTGACCAACGAAAAACTCACCATTGTGGGTGCAGGAGGTATGATAGGAAGTAATATGGCTCAGACTGCAGCTATGATGAAACTGACTCCGAATATTTGTCTGCAGGATGTCTATGAACCCGCCCTGGAAGGCGTGTATGAAGAAATGCGCCATTGCGGCTTTGAAGGTATGAATTTTACTTACACCACCTGCCCTGCTGAAGCATTTAAAGACGCAAAATATGTTATATCTTCCGGTGGCGCAGCGCGCAAAGCGGGCATGACTCGGGAGGATCTGTTAAAAGGCAATGCAGAAGTGGCGGAGCAGCTTGGTAAGAATATAAAGGAGTATTGTCCAGATTGTAAACATGTAGTGGTTATTTTCAATCCGGCGGACATCACTGGCTTAATAACTTTAGTATATTCTGGCTTAAAGCCTAGTCAAGTGACTACTCTGGCGGGTCTTGACTCCACGCGCCTTCAGTCCGAATTGGCCAAACATTTTAACCTTCCGCAATCAGCTGTTACCGGCTGTTGCACTTTTGGAGGGCATGGGGAACAGATGGCTGTTTTTGCGTCAACAGCTAAAATTGATGGAACGCCGCTCGTTGATCTGATTGGAACTGATAAATTACCGGCGGAAGAGTGGGCCGCACTGCAGCAGCGCGTTACTAAAGGCGGGGCCAACATCATTAACTTGCGCGGTAGAAGCAGTTTTCAGTCTCCCGCTTACGTTTCTGTGGAGATGATACGTGCCGCCATGGGAGGCGAGGCATTCCGCTGGCCTGCTGGCACATATGTATCGTCTGGAGGTTTTGACCATATTATGATGGCGATGCCGGTAGAGATTACGAAAGATGGCTGCACATATAAAGACGTAGAAGGCACCCCGTCTGAGATGGCAGACCTGAAAAAAAGCTACGAACACCTGTGTGCAATGCGGGATGAGGTGATTGGATTTGGCGTGCTCCCGCCAGTTGCTGAATGGAATGCGGCCGCACTCGAGCACCACCACCACCACCACTGA | H58: MGFLTNEKLTIVGAGGMIGSNMAQTAAMMKLTPNICLQDVYEPALEGVYEEMRHCGFEGMNFTYTTCPAEAFKDAKYVISSGGAARKAGMTREDLLKGNAEVAEQLGKNIKEYCPDCKHVVVIFNPADITGLITLVYSGLKPSQVTTLAGLDSTRLQSELAKHFNLPQSAVTGCCTFGGHGEQMAVFASTAKIDGTPLVDLIGTDKLPAEEWAALQQRVTKGGANIINLRGRSSFQSPAYVSVEMIRAAMGGEAFRWPAGTYVSSGGFDHIMMAMPVEITKDGCTYKDVEGTPSEMADLKKSYEHLCAMRDEVIGFGVLPPVAEWNAAALEHHHHHH*
A59: A0A2V9MKC0 | B59: TEST | C59: N | D59: Y | E59: Y | F59: N | G59: ATGCGTAAAAAGGTTACCGTCGTTGGCTCAGGCAACGTCGGCGCGACCTTGGCACAACGCCTGGTTGACCGCGAGCTTGCGGACGTGGTTATGATCGACATTCTGGAAGGCATTCCTCAAGGTAAAGCTTTGGATATGTTGGAGGCCGGGCCCGTCGAGGGCTACGACTGCAATGTAATTGGCACTAACGACTACAAGGACACGGCTGGGAGCGATATTGTGGTAATCACGGCGGGCATTGCCCGTAAACCGGGTATGTCCCGCGACGACTTACTGGCCACCAATTCTAAGATCGTAGGTGATGTTACTCGTTCCGCAGTTGCATATAGTCCGAATTGTATCATTATTGCGGTGAGTAACCCCCTGGACGCCATGTGTCACGTGGCATTTCACGCCTCGGGATTTCCCCGTCACCGCGTAGTAGGTATGGCGGGTGTTTTAGACTCCGCGCGTTTCCGCACGTTCATCGCAATGGAACTTAATGTGTCCGTGGAGAATGTCACCGCTTTTGTTTTAGGGGGACACGGTGATACTATGGTGCCATTACCTCGTTACAGCACAGTAGCGGGCATTCCCATCACGGAATTGTTAAGCAAAGAGCAAGTGGACCGTTTGGTGCAGCGTACACGCGACGGGGGCGCTGAAATTGTAAAATTGTTAAAGACTGGCAGTGCTTACTACGCCCCTTCCGCTGCGACGGCCGAGATGGTCGAGGCTATTCTGAAAGATAAGAAAAAGATCCTTCCGTGCGCTGCGTATCTTGAGGGGGAATATGGGATTCGTGGATTATACGTTGGAGTCCCAGTTAAGTTAGGCGCCAAAGGTTTGGAGCAGATTATTGAGATCAACCTGACCCTTGAGGAAAAGGCAGCCTTGAATCGTTCTGCCGAGTCGGTCCGTGAACTGGTCAACGTACTTAAGGCGGCCGCACTCGAGCACCACCACCACCACCACTGA | H59: MRKKVTVVGSGNVGATLAQRLVDRELADVVMIDILEGIPQGKALDMLEAGPVEGYDCNVIGTNDYKDTAGSDIVVITAGIARKPGMSRDDLLATNSKIVGDVTRSAVAYSPNCIIIAVSNPLDAMCHVAFHASGFPRHRVVGMAGVLDSARFRTFIAMELNVSVENVTAFVLGGHGDTMVPLPRYSTVAGIPITELLSKEQVDRLVQRTRDGGAEIVKLLKTGSAYYAPSAATAEMVEAILKDKKKILPCAAYLEGEYGIRGLYVGVPVKLGAKGLEQIIEINLTLEEKAALNRSAESVRELVNVLKAAALEHHHHHH*
A60: A0A7N2LGB5 | B60: TEST | C60: N | D60: N | E60: N | F60: N | G60: ATGTGGAGCTTTCGCAAAATCGAAAAGGAACCGACGAAAGTTCTGGTTACTGGTGCTGCAGGGATGTTAGCACAGTATGACATATTACTGGCGTTTCCGGGACAGATTGGGTACGCAATCCTCCCAATGATAGCACGCGGGGTAATGCTGGGGCCAGACCAACCTGTCACCCTGCATCTCTTCGATAACATCAAACAGGCTGATGAGGCACTGAATGGTATTAAAATGGAATTGATTGATGCTGCTTTTCCGCTTCTGAAAGGGGTAATCGCCACAACTGACATTGTCGAGGCCTGTAAGGACGTTAATATTGCCGTAATGCTGGGGGGTTTTCCTCGTAAAGAGGGAATGGAACGCACTGATATGATGTCCAAGAACGTCAGCATGTACATGGCTCAAGCTTTGGCACTGGGTAAACACGCTGCAGCGGATTGTAAGGTTCTCGTTTTCGCAAAACCGTCTAATACAAACGCGCTTATACTGAAAGAGTTCGCCCCTTCAATTTCCGAGAAGAATATTACATGCCTCACACGTTTAGACCACAATCGGGCACTCTCCCAAATTGCTAAACGTCTGAAGGTTCACGCTTCCGATGTTAAAAATATTATAATTTGGGGAAACCATAGCAGCACTCACTATCCTGATGTTAATCATGCCACCTTCACAACTAAAGACGGGGAAAGATTAGTGCGCGAACACGTTGCAGACGACCATTGGCTGAAAACAGAATTCATCAAAACGGTGCAGCATCGTGGTTTAGCCATCATAAAAGCCCGGAAAGCGTCTAGTGCGTTGTCTGCGGCTAGTGCCGCGTGTGACCATATACGAGACTGGGTATTTGGTACGCCAAAAGGTACCTGGGTATCGATGGGTGTATGTAGTGATGGCAGCTATGGCATCGAGCCAGGCCTGATCTATTCATTTCCAGTGCGATGCGAGAATGGTAAGTGGTCAATCGTTCAGGGCCTGAAAATTGATGAATTTTCGCGGGCAAAAATGGATGCGACGGCAAAAGAATTAATTGAGGAGGCGTCCTTTGCGAAGAGTTGTGCGGCCGCACTCGAGCACCACCACCACCACCACTGA | H60: MWSFRKIEKEPTKVLVTGAAGMLAQYDILLAFPGQIGYAILPMIARGVMLGPDQPVTLHLFDNIKQADEALNGIKMELIDAAFPLLKGVIATTDIVEACKDVNIAVMLGGFPRKEGMERTDMMSKNVSMYMAQALALGKHAAADCKVLVFAKPSNTNALILKEFAPSISEKNITCLTRLDHNRALSQIAKRLKVHASDVKNIIIWGNHSSTHYPDVNHATFTTKDGERLVREHVADDHWLKTEFIKTVQHRGLAIIKARKASSALSAASAACDHIRDWVFGTPKGTWVSMGVCSDGSYGIEPGLIYSFPVRCENGKWSIVQGLKIDEFSRAKMDATAKELIEEASFAKSCAAALEHHHHHH*
A61: A0A1B8GWQ9 | B61: TEST | C61: N | D61: Y | E61: N | F61: N | G61: ATGCATAAGGTCAGCGTCTTAGGCGCGGCCGGACAAATTGGCCAGCCCCTTTCCTTACTGCTGAAAACCTCACCTTTAGTGTCAGCGCTGAGCCTGTATGACATTGTTCATGCACCGGGTGTGGCCATTGATCTGAATCACATTGACACGCCTGCACCTGTCAATGGTTTTTTAGCAGCCGACGATGGTTTACGCAAAGCTCTCACTGGAGCAGATTTGGTGGTCATTCCAGCTGGAATTGCGCGAAAGCCGGGTATGACTCGCGATCAGCTGTTTGAGACCAATGCCAGCGTTATACGTGATCTCGTTACCGAAATCGCCAAGGTATGTCCGAAAGCATTCGTTCTGATTATTACCAATCCGGTTAATAGTACACTGCCTATTGCGGTGGAAACGCTTAAGAAACACAATGTATATGACCCAAAAAAAGTCTTTGGCGTTACAACGCTCGACGTAGTGCGCGCCTCAACTTTTACGGCGCAGGCCCTGCAGATTAGCGACCCAAAATCCCTTCGTATACCGGTCGTCGGTGGACACTCTGGTGCGACAATTCTTCCTCTTCTTTCACAAGCCAACCCATTAGTAAAATTAACCGATGATCAGCGCGACGCCATTACTTACCGTGTGCAGTTTGGTGGAGACGAAATTGTGAAAGCAAAAGCAGGGGCTGGTTCTGCGACGACTTGTATGGCGTACGCCGGCTTTCGCTTCGTTCAGTCGATACTGAAAGCAGCGAGTGGGGAGAAAGGCATAAAGGAAGAATGTTATTTATATCTCCCCGGTATTCCTGGCGGAGATAAGATTGCAAAAAGCCTCGGTGTAGATTATTTTGCTGTACCCGTAGAGTTTGGGGTGTCCGGCGCGGAAAAGGCTTTGTCCGTCAGTGAGATCTCAAAACATGAGGAAACGTTGCTGGCTACCGCTATTGCGGAATTAAAAGGCAACATCCAGAAAGGCATTGCCTTTTGTGCGGCCGCACTCGAGCACCACCACCACCACCACTGA | H61: MHKVSVLGAAGQIGQPLSLLLKTSPLVSALSLYDIVHAPGVAIDLNHIDTPAPVNGFLAADDGLRKALTGADLVVIPAGIARKPGMTRDQLFETNASVIRDLVTEIAKVCPKAFVLIITNPVNSTLPIAVETLKKHNVYDPKKVFGVTTLDVVRASTFTAQALQISDPKSLRIPVVGGHSGATILPLLSQANPLVKLTDDQRDAITYRVQFGGDEIVKAKAGAGSATTCMAYAGFRFVQSILKAASGEKGIKEECYLYLPGIPGGDKIAKSLGVDYFAVPVEFGVSGAEKALSVSEISKHEETLLATAIAELKGNIQKGIAFCAAALEHHHHHH*
A62: A0A0L7R6E6 | B62: TEST | C62: N | D62: Y | E62: N | F62: N | G62: ATGGCACAGACGAAACTGTTTTCATCAAAGTCAATGAAGGTGAGCATTCTCGGCGCTGCAAGTAAGACTGGAAATTGCTTAAGTCTTTTTTTAAAACAAAGCCCACTGATCGACGAAGTTGCAGTATTTGATAATAAATGTACTTACGGCCTGGCACTTGACTTGAACTACATTGATACTAAATGTAAAGTTTCCACTTGTAATCACCCTCGTCGCTGCCTGGAGCAAACTTTAGAAGGGGCAAAGATTGTTATGATCGTAGGTGATGAAACCGTTAAAGACGAAAGCTCCCTTAGCCGTGTATTAAAATCTAACGCTAATGCATTGTCCGATCTGTTACCGAACATCATCAAATTCTGCCCGCAAGCAATGGTTGCTGTTGTCATGAACCCAATTAACAGCTTGATCCCGCTTGCCATGGAGATGTATAAGAAGGCTGGCGTCTACGAACCGAATCGCCTGTTTGGCGTGATCAGCTTGGATTGTGTCCGCGCTAATACTTTTGCGGCCGAAGTAGTTGGCTGTGAGCCAGAGTGTACCGTTGTTCCGGTCATAGGTGGGAGTTGCAGCAATACATGTATTCCTTTGTTCTCCCAAGCGAAACCGTGCAACAAAATTTCGCAGGTGGAGGCGAGCCGTCTGACCCACGCGCTTCGGACGTCCAACGAAGAATTATCGAAAGCTAACAAGGGGAAAGAACGCACGTGCTGCGCAATGGCCTTTGGTGCCGCCAGATTCTGTGTGTCCTTATGCAAAGCGTTACGGCATCAGTCCAATGTCGTTGAATGCGCATATGTACGTTCCTGTGTAATCCCAGAGTTAACTTACTTCGCAGCACCTCTGGAACTCGGCCCCAATGGCATTCAGCGGCATCTGGGGATTCCACCACTGAACGACTACGAATGTAAATTACTTGAGGCGGCCGTTCCCTGTCTGAAAAAGGCCATAATTTTAGGTGAGACGCTTGCACTGGGCGAGGAAAATGCAAGCTCCGAGGCGGCCGCACTCGAGCACCACCACCACCACCACTGA | H62: MAQTKLFSSKSMKVSILGAASKTGNCLSLFLKQSPLIDEVAVFDNKCTYGLALDLNYIDTKCKVSTCNHPRRCLEQTLEGAKIVMIVGDETVKDESSLSRVLKSNANALSDLLPNIIKFCPQAMVAVVMNPINSLIPLAMEMYKKAGVYEPNRLFGVISLDCVRANTFAAEVVGCEPECTVVPVIGGSCSNTCIPLFSQAKPCNKISQVEASRLTHALRTSNEELSKANKGKERTCCAMAFGAARFCVSLCKALRHQSNVVECAYVRSCVIPELTYFAAPLELGPNGIQRHLGIPPLNDYECKLLEAAVPCLKKAIILGETLALGEENASSEAAALEHHHHHH*
A63: A0A6P3DES1 | B63: TEST | C63: N | D63: Y | E63: N | F63: N | G63: ATGACGCAGATAGATGCTTTCTCTAGCAAGTCTATGAAAGTGGCTATTCTGGGTGCCGCGTCTAAAACCGGCAACTCACTTTCTTTGTTTTTGAAACAATCCCCACTGATTGATGAGTTAGCCATATTTGACAACAAGTGCGTGTACGGTCTGGCGCTGGATCTCAACTATATAGACACGCGTTGTAAAGTATCCACGTGTAATTATCCTGAGACCAGCTTGGAACACACTTTGGAAGGTGCAAAAATTGTTATGATCGTTGCTGATGACCGTATAAAGGAAAATCAACATGAGGTGCTTAAATCAAACGCAGACCGTCTTAGCGATTTACTGCCGAATGTGATTAAGTTTTCCCCTCAAGCTATGGTTGCTGTAGTAATGAACCCTATTAATAGCCTGATTCCACTTGCAATGGAAATGTATAAAAAGGCCGGTATTTATGAGTATAATAGACTCTTTGGTGTAATTAACTATAATTGCTTGCGCGCAAACACATTTGCCGCTAAATTCATGGGCGTGGAGCCGGAATGTATGATAGTCCCCGTGATAGGGGGGGGCTGCCCAAAAACTTGTATCCCCTTGTTCTCTCAGGCGAAACCGAGTACCGAACTCTCCCAAATCGAAGCTTCGCGACTTACCCAGGCCGTCCGTATTCCTAACGAAGAACTTCTGACATCTAGCAAAGTTAAAGAAAAAACCTTTTTGACACTTAGCTTTGCAGCAGCAAGATTCTGTATGTCACTTTGCAAAGCGCTGCGTCATGAGAGAAATGTCGTTGAATATGCCTATGTTCGGTCATGCATGATTCCGCAGCTGACATACTTCGCGGCTCCCTTAGAGCTGGGTCCGAATGGCATTCAGCGTTACTTAGGCATTCCACCACTTTCCGATTATGAATGTGAGCTTTTAAAAGCTGCGATTCCTTGTCTCAAGGAAGCAATCAAATTGGGGGAGACCCTGGCTCTGGGTCACGAAAACATATCAAGCGAAGTGGCGGCCGCACTCGAGCACCACCACCACCACCACTGA | H63: MTQIDAFSSKSMKVAILGAASKTGNSLSLFLKQSPLIDELAIFDNKCVYGLALDLNYIDTRCKVSTCNYPETSLEHTLEGAKIVMIVADDRIKENQHEVLKSNADRLSDLLPNVIKFSPQAMVAVVMNPINSLIPLAMEMYKKAGIYEYNRLFGVINYNCLRANTFAAKFMGVEPECMIVPVIGGGCPKTCIPLFSQAKPSTELSQIEASRLTQAVRIPNEELLTSSKVKEKTFLTLSFAAARFCMSLCKALRHERNVVEYAYVRSCMIPQLTYFAAPLELGPNGIQRYLGIPPLSDYECELLKAAIPCLKEAIKLGETLALGHENISSEVAAALEHHHHHH*
A64: A0A0X3Q962 | B64: TEST | C64: N | D64: Y | E64: N | F64: N | G64: ATGGGCCCAGAAACAACACAGGACCCGAGACCGATTACAGTAACGGTGACGGGAGCGGCCGGCCAGATCGGCTATGCAGCACTGTTTCGTGCATGCGCAGGTGACTTGTTTGGACCTCAGCAGCCGGTACGTCTCCGCTTACTTGAACTGCCGCAGGCGGCACGCGCCGCTGAAGGGGTCGCTATGGAGCTGTCGGACTGTGCTTTTGATCTCTTAGCGTCTGTCGATGTATTTGACGACCCAGTGCAGGCTTTTGACGGCTCAGAACTTGGATTACTGATCGGGGCCCGACCGCGATCCAAGGGTATGGAGCGCGCAGATCTGTTAGAAGCGAACGCCGGCATATTTTCCGAACAGGGTCGAGCGATTGCAGCAGGCGCTCAAGATAGTTTTCGTGCGGTGGTTGTTGGCAACCCTGCAAATACGAATGCACTTATTGCTGCATCACATGCTCCTGAGGTCAGTGCACAGCGATTCACTGCCTTAACCCGTTTAGACCATCTCCGAGCACAAGCTCAGCTGGCACAGGCATGCGACCGTGCTGCAGCTGATATTGACGGCGTTGCCATTTGGGGAAATCACAGCGCCACACAATTCGTTGACTTGTCACGCGCGGTTGTCTCGGGGAGCCCAGCGGTACAGGCTCTGGCAGATAGAGGGCTGGATCGCCAATGGGTCGCAGAGACATATATACCAGCGGTCGCGAAACGCGGTGCTGAAATTATAGAAGTGCGCGGTGGATCTAGCGTGGGGTCGGCGGCACACGCTCTGATTAGTCATGTGCGGTTATGGTCTCAGGGTACCCCTGAAGGATCCTGGACTTCTATGGCCGTGGCGTCTGACGGAAGTTACGGCGTCCCGGAAGGCATTGTGTCATCCTTCCCGGTTACGTGTGCAGACGGCCAGTGGAGTATTGTCCCAGACTGGCAAATAGATGATTTTGCACGCGAGCGCATCGATAGAAGTGTGGCTGAACTGGTCGCAGAGCGTGATGCCGTCGCAGCGGCGGCGGCCGCACTCGAGCACCACCACCACCACCACTGA | H64: MGPETTQDPRPITVTVTGAAGQIGYAALFRACAGDLFGPQQPVRLRLLELPQAARAAEGVAMELSDCAFDLLASVDVFDDPVQAFDGSELGLLIGARPRSKGMERADLLEANAGIFSEQGRAIAAGAQDSFRAVVVGNPANTNALIAASHAPEVSAQRFTALTRLDHLRAQAQLAQACDRAAADIDGVAIWGNHSATQFVDLSRAVVSGSPAVQALADRGLDRQWVAETYIPAVAKRGAEIIEVRGGSSVGSAAHALISHVRLWSQGTPEGSWTSMAVASDGSYGVPEGIVSSFPVTCADGQWSIVPDWQIDDFARERIDRSVAELVAERDAVAAAAAALEHHHHHH*
A65: A0A2A4JYT0 | B65: TEST | C65: N | D65: Y | E65: N | F65: N | G65: ATGGCCAAATTGAAATGCATTTCTGTGAGAAACGTTCAGATTTCCGTGATTGGCGCAGCCGGTGAAGTAGGCGCTAATTTATCGTTAATGTTGAAACAGAATCACAAAATTACGAAATTGAACTTATATGATGATGATGAAAAAATTTTAGGAGCCGCAATGGAGCTGGGGCATATTCCGGGAGGCCCACATGTTACCGGGTTTTCCGGCGAAAATGGCCTGCACGCAGCAGTTCAAGGCTCCGAGCTGGTGGTTATGGTACAACGGGTGCCTCGCAAACCAGGTAATACGCGTGAGCAAATGATTGCCGCTAATGCTCCGGCGTTGCAGCGCCTTTGCCGTGCCATGGCTGACGAGAACCCGGGAGCCTTTTTGGCCATCACTACAAATCCTTTAAACTCAATGGTTCCATTCGCTAGTGCGCTTTTATATAAGTATGGGAGCTATAACCCGTTTAAAGTTTTTGGAGTCACCCACATTGACGCGGCTAGATCACGCACTTACGCCGCCAATGCTCTGAATGTCTCATGTCGCAATCTCTTTCTGCCGGTAATAGGCGGTCATAGCGATGATACAGTTATCCCACTTTTCAGTAATATTTCTCCATCAGAGTATACAATTGATCCTTGCCAGGCTGATACACTGACCCGTCTGGTGAGAAAATCAGGAACTGAAATTGTCTTTCAAAAACAGGGTTGTGAGAGCGCCGTCTTAGGAGTCGCATGGAGTATTAATGAATTCTGTAATCTGATGATTGATGCTATCTCCGGCGGGGAAGTAACCGTGAACAGTTATACAGCTAACCCGCACTTTGGCACTCGTTTCTTTTCGGGCCCGACGGTTGTTGGCCCATATGGGATCCTGCGGGCTTGTTATGAGTTCACGTATTCGGACTATGAATCGTTCCTGGTGACGAGTTCCGTCCCTATTATTAATCGTGACGTGAATCTCGGAGAAGAATACGTCAAATACATTGAATTTGCGATGAAACCTAAGGCGGCCGCACTCGAGCACCACCACCACCACCACTGA | H65: MAKLKCISVRNVQISVIGAAGEVGANLSLMLKQNHKITKLNLYDDDEKILGAAMELGHIPGGPHVTGFSGENGLHAAVQGSELVVMVQRVPRKPGNTREQMIAANAPALQRLCRAMADENPGAFLAITTNPLNSMVPFASALLYKYGSYNPFKVFGVTHIDAARSRTYAANALNVSCRNLFLPVIGGHSDDTVIPLFSNISPSEYTIDPCQADTLTRLVRKSGTEIVFQKQGCESAVLGVAWSINEFCNLMIDAISGGEVTVNSYTANPHFGTRFFSGPTVVGPYGILRACYEFTYSDYESFLVTSSVPIINRDVNLGEEYVKYIEFAMKPKAAALEHHHHHH*
A66: A0A6J1N3K8 | B66: TEST | C66: N | D66: N | E66: N | F66: N | G66: ATGAAAATCTGTAAAGTTCCGCGTATTCCGCCTCAGAAGGTAACGGTGATCGGGGCTGGATCAGATGTCGGTCGGATCGCGAGCTTATTCTTAAAACAACAGAAAGTGATCAAATTACTGAGCTTGTATGACGAGGAACCAGATAATAATGTTCTGGGTGTAGCCACGGATTTGGCGCATATAGACACGTCTACCGCCGTGGAAGCATTCCAAGGCAGAGCATTTATGTGTCACGCCCTGGATGATAGTGATGTTGTGTTGATTTGTGGTGGACATCATGTAACTCCAGCTGAGTGCTGCACACCGGATCGCGAACTTTTTTTTCAAAACATGCAGCATGTGCGAACCGCGGCGATCGCGTGTGCACAGTTTTGTCCGCAGGCTGTGGTTGCGGTCCAGACGCCGCCCGTCGATTGCAATTTTGCTCTGTGTGTGGATACGCTGAAACTGGCATGCGCTTATAATAAATGTCGTGTATTAGGCGTCAATGCCATTAATAGTATGCGGGCCAATCAGCTCTTTTGTGCCCTGACCGAATCAGACCCGGCGACTACTATCACCCCAGTGGTGGGAGGTACCGGTCGCTGCACACGTGTCCCCGTATTCTCCGCTGCTAAGGAATCTGCTAATCTTTCTTTGTGTAATTTTCCGCAGAGCCAGATGGATTGCCTGACACGTCTGGTTTGTGAAGCAGACGACATAATATGTCGAGTCAAATGCAATAATGAGCAAGGGCATCTGAGCATCGGCTTTTCCACGGCCCGTTTCGTAATATCTATAATGAAAGGGCTGTTTGAGTCTCCCACCTTTATTGATAGTGCGCTGGTAGAGCAAGATGATCCGGCGCAGTGCTATAATATGCGGATTTGTGCAACTCCGGTAACTGTAGGCCGTGGGGGAATTGTGGAATACGCAGTACCAAAACTGAACGAAACAGAGACTATGTTACTTGAAGACGCAAAGTGTGACCTGGAAGACATGACCAATTTGGGTTCGTGTTATGCACTGGGGAATGAATACTCTCTGCATGCGGCCGCACTCGAGCACCACCACCACCACCACTGA | H66: MKICKVPRIPPQKVTVIGAGSDVGRIASLFLKQQKVIKLLSLYDEEPDNNVLGVATDLAHIDTSTAVEAFQGRAFMCHALDDSDVVLICGGHHVTPAECCTPDRELFFQNMQHVRTAAIACAQFCPQAVVAVQTPPVDCNFALCVDTLKLACAYNKCRVLGVNAINSMRANQLFCALTESDPATTITPVVGGTGRCTRVPVFSAAKESANLSLCNFPQSQMDCLTRLVCEADDIICRVKCNNEQGHLSIGFSTARFVISIMKGLFESPTFIDSALVEQDDPAQCYNMRICATPVTVGRGGIVEYAVPKLNETETMLLEDAKCDLEDMTNLGSCYALGNEYSLHAAALEHHHHHH*
... A71: A0A101XIG3 | B71: TEST | C71: Y | D71: Y | E71: Y | F71: Y | G71: ATGATTACTATTATTGGTGCCGGTCGCGTTGGCGCATCAACTGCGTATTCTTTATTAATGAACGAGGTCGATACCGAGATTACTCTGATCGACATCGTACAGGGACTGCCTCAAGGTGAGGCCCTCGATCTGAACCATGCTGCGGCCATTTTAGGTAAGTCAGTCACCGTTCGAGGCAGCAATGATTATAAGGATATGGAGGGTTCAGACATTGTAATTATTACCGCTGGACTTGCGCGTAAACCGGGTATGACTCGCGAGCAATTGGCCGCTCAGAATGCGGAAATCGTTGCCGGTATCGCCGATCAAGTGAAAAAATACGCTCCGAACTCCATCGTCATGTTAACAACGAACCCGTCCGATGTTATGGTGTACGTCCTCTATAAACGCCTCGGGTTTCCGCGGGAACGCGTAATTGGCTTTTCAGGTGCACTGGATACCCGACGTTTGGCGTATTATGCATCCCAAATAATCGGTGTATCACCGAGTACGATCATTCCGGTTGTGTTAGGCCAACATGGCGAGAATATGTATCCGGTGCCCGAGGCCAGTATGGTCTACGGCAAACCTTTATCGGAGTTCCTCACCAAAGAACAGATGGACGAAATTGTTAAGAAAACCATCCAAGCCGGCGCAGATATCACTAACTTGCGTAAATTTTCTTCTAATTGGGGGCCAGGCGCTGGTCTGACCATCATGGCAGACGCGATCAAAAAAGATAGAAAGACAGTTATCGAGGCGAGCGTGTACCTTAACGGTGAATACGGGGTTCGTGATGTTTTTGTCGAGGTTCCTGTGGTTTTCGGCAAAAAGGGCGCAGAAAAAATTATTGAATTAAATTTGAATCAAGAACAGAGACAAAAATTTCTTGCTTCTGTGGAAGCCGTGAAAAATAACCTCAAAACAGTGCCGCCCGCGGCCGCACTCGAGCACCACCACCACCACCACTGA | H71: MITIIGAGRVGASTAYSLLMNEVDTEITLIDIVQGLPQGEALDLNHAAAILGKSVTVRGSNDYKDMEGSDIVIITAGLARKPGMTREQLAAQNAEIVAGIADQVKKYAPNSIVMLTTNPSDVMVYVLYKRLGFPRERVIGFSGALDTRRLAYYASQIIGVSPSTIIPVVLGQHGENMYPVPEASMVYGKPLSEFLTKEQMDEIVKKTIQAGADITNLRKFSSNWGPGAGLTIMADAIKKDRKTVIEASVYLNGEYGVRDVFVEVPVVFGKKGAEKIIELNLNQEQRQKFLASVEAVKNNLKTVPPAAALEHHHHHH*

Sheet round2_CuSOD
A1: Name | B1: Group | C1: Expression | D1: Solubility | E1: Purification | F1: Activity (5μg/mL) | G1: expressed sequence | H1: tagged sequence | I1: Notes | J1: Expression | K1: Solubility | L1: Purification | M1: Activity
A2: A0A2E1VW30 | B2: pre-Test | C2: Y | D2: Y | E2: Y | F2: Y | G2: ATGGCATATGAATTGCCTGCTCTTCCATATGGCGAAAATGATCTTGCCCCTCACATCACGGCAGAAACCATTCAGTATCACTACGGAAAACATCATGCAGCATATGTGGGAAAATTGAATGAGCTGTTGGACGGTGACGATTCAAAATCTTTGGAAGAACTGATTCAAAGCACTGACGGCGGTGTTTTCAACAACGCTGCACAGGTCTGGAACCATACATTTTATTGGAACTGCATGAAACCGGGAGGTGGTGGTGCACCTTCTGGCGATCTGGCAGCTGCAATCGAGCGCGATTTTGGGTCATATGATGCTTTTGTAACGAAGTTTAAAGCTGCTGCGATGGCCCGTTTCGGCTCAGGCTGGGCTTGGCTGGTGGCGGATGCCGATGGGAAACTTTCTGTAGTCGAAACTCTTAATGCCGGAAATCCAATGACCGACGGGCTTAAACCACTGCTGACATGTGATGTCTGGGAGCACGCGTACTATATTGACTTCCGGAATGCGCGTCCTAAATACTTGGACGTATTCTTCGACTCTCTGGTTAACTGGGACTTCGTTGCTAGTAATCTGGCGGCCGCACTCGAGCACCACCACCACCACCACTGA | H2: MAYELPALPYGENDLAPHITAETIQYHYGKHHAAYVGKLNELLDGDDSKSLEELIQSTDGGVFNNAAQVWNHTFYWNCMKPGGGGAPSGDLAAAIERDFGSYDAFVTKFKAAAMARFGSGWAWLVADADGKLSVVETLNAGNPMTDGLKPLLTCDVWEHAYYIDFRNARPKYLDVFFDSLVNWDFVASNLAAALEHHHHHH* | I2: Don't count these first two because they are FeSOD | J2: =COUNTIF(C2:C17,"Y") -> 13 | K2: =COUNTIF(D2:D17,"Y") -> 12 | L2: =COUNTIF(E2:E17,"Y") -> 10 | M2: =COUNTIF(F2:F17,"Y") -> 10
A3: G8R729 | B3: pre-Test | C3: N | D3: N | E3: N | F3: Y | G3: ATGAGTTTTGAACTCCCTGATCTCCCGTACAGTAAATCGGCTCTGGAACCCTATATTGATGCACAAACGATGGAGATACACCATGACAAGCACCATGCAGGGTATACTACTAAACTGAATGATGCCATCGAGGGCACAGAACTGGAAAAGCAAAGTATTGAGGATATACTGAAGAATGTAAGCAAACACTCAGGTGGTGTACGCAATAATGGCGGCGGATATTATAATCACAGCTTGTTCTGGTCCATCATGGGTCCAGACGCTGGCGGCGATCCCACAGGCGACGTGGGAGCCGCCATCGACGACGCTTTTGGTTCGTACGAAAATTTTAAAACTGAATTTTCTAATGCTGCGGCCACACGTTTTGGTAGCGGCTGGGCGTGGCTTATTGTTAATGGTGAAGGCAAACTGGAAGTCACTTCATCACCCAACCAGGATAATCCTCTTATGGACGTAGCAGAGAAAAAAGGAACCCCCATTCTGGGTTTGGATGTCTGGGAACATGCTTACTATCTTAAATACCAAAATAAACGTCCCGATTATATTTCTGCTTTTTTCAATGTGATTAATTGGGATGAGGTTAATCGTCGTTTTGCCGAAGCTAAGGCGGCCGCACTCGAGCACCACCACCACCACCACTGA | H3: MSFELPDLPYSKSALEPYIDAQTMEIHHDKHHAGYTTKLNDAIEGTELEKQSIEDILKNVSKHSGGVRNNGGGYYNHSLFWSIMGPDAGGDPTGDVGAAIDDAFGSYENFKTEFSNAAATRFGSGWAWLIVNGEGKLEVTSSPNQDNPLMDVAEKKGTPILGLDVWEHAYYLKYQNKRPDYISAFFNVINWDEVNRRFAEAKAAALEHHHHHH* | I3: Don't count these first two because they are FeSOD
A4: A0A7J8I2Q6 | B4: pre-Test | C4: Y | D4: Y | E4: Y | F4: Y | G4: ATGACCACTCAAGCTGTGTGTGTGTTGAAAGGAGACGGTAGTGTGAAAGGGGTAGTACGTTTCGAGCAGAAAGGCAAAGGGCCGGTCTCAATCACAGGAGAGATCGAGGGCTTAACAGAGGGCGAACATGGATTTCATGTTCATGAGTTTGGCGACAATACCCGCGGGTGCGCCTCGGCCGGGCCTCACTTTAACCCGCTCTCCCGGACCCATGGCGGACCGAAAGACGAAGAAAGACATGTGGGCGACTTAGGAAATGTGACAGCAAATAAAGAAGGCAAGGTGACCCTGGCCCTGGAAGACGCGGTGATTAGTCTGTCCGGAGATCATAGTATAATCGGCCGTACCATGGTTGTGCATGAAAAGCGCGATGACCTCGGCCGCGGGGGTAATGACGAAAGCAAAAAAACGGGTAATGCTGGCTCTAGATTAGCATGTGGCGTCATTGGCTTCGCAGAATTGCACTCCGCGGCCGCACTCGAGCACCACCACCACCACCACTGA | H4: MTTQAVCVLKGDGSVKGVVRFEQKGKGPVSITGEIEGLTEGEHGFHVHEFGDNTRGCASAGPHFNPLSRTHGGPKDEERHVGDLGNVTANKEGKVTLALEDAVISLSGDHSIIGRTMVVHEKRDDLGRGGNDESKKTGNAGSRLACGVIGFAELHSAAALEHHHHHH*
A5: A0A6C0IG51 | B5: pre-Test | C5: Y | D5: Y | E5: N | F5: Y | G5: ATGACGCAGAAACCAATTTGTGCAATAGCCGTTTTTACTGGCGACAACAAAATTAAAGGATACGTCAAGTTTGTTGAAAATTTTAAGAACAATAATATCGCTATTGAACTCAATATAGTCGGCTTAAAGAACAATTCGCTTCATGGGTTTCACGTGCATGAGGCTGGTGATCTCACCGATAAATGCACCTCTATGTGCTCGCATTTCAATCCGTATAATAAAACCCACGGTGCACCGGGTACCAAAGAGCGCCATGTGGGCGATCTTGGGAATATAGAAACGAATTCCAAAGGCGAAGCTAAGTATATCTTTTATGACGACGTTATCAAGTTGCGTGGTACTAAAGCCAACATTATCGGCAGAGGTTTGATTATACATGCGGATGAGGATGATTGCGGAGCTGGGGGAGATGCGGAAAGTCTCAAAACGGGAAATGCCGGTAAACGCATCGCATGTGCGGTGATCGGATATTCGAAGGAGAACTTTGCGGCCGCACTCGAGCACCACCACCACCACCACTGA | H5: MTQKPICAIAVFTGDNKIKGYVKFVENFKNNNIAIELNIVGLKNNSLHGFHVHEAGDLTDKCTSMCSHFNPYNKTHGAPGTKERHVGDLGNIETNSKGEAKYIFYDDVIKLRGTKANIIGRGLIIHADEDDCGAGGDAESLKTGNAGKRIACAVIGYSKENFAAALEHHHHHH*
A6: A0A355WCM2 | B6: pre-Test | C6: Y | D6: Y | E6: Y | F6: Y | G6: ATGTATCGGTCAGAAAGCAAAACTACCACCGCTTCAGCAGCCATAAAGGGGGGCCCTTATGCTCCGGACATCAAGGGAGTTATTTATTTCACTGATGTGCCGAACGGTACATGGGTCTGTGTGTCAGTAATTGGACTCCCTGACTATAAACCGGCTTCTGGGAACAACCCGCCGATTGGTCCCCATGGCTTTCACATTCATGAATTTGGAAACTGTGAAGTAGGAGACCCTAATGATCCTTTTAAAGCTGCCGGAGGGCATTGGAATCCCACAAACCAGCCTCATGGTAATCATGCGGGGGATTTCCCCGTCCTTTTTTCAAATCATGGTACAGCAAGTATGTGCTTTTTTACTGATAAATTTAAAGTGAACGATGTGATTGGCAAATCTGTTATCATACATGAGAATCCGGATGATTACCGTACTCAGCCGGCGGGTGCCTCAGGCCGGAAACTGGCGTGTGGGGTTATTAGCTCGAGTAAAAGCCCTAGCCTTGCGGCCGCACTCGAGCACCACCACCACCACCACTGA | H6: MYRSESKTTTASAAIKGGPYAPDIKGVIYFTDVPNGTWVCVSVIGLPDYKPASGNNPPIGPHGFHIHEFGNCEVGDPNDPFKAAGGHWNPTNQPHGNHAGDFPVLFSNHGTASMCFFTDKFKVNDVIGKSVIIHENPDDYRTQPAGASGRKLACGVISSSKSPSLAAALEHHHHHH*
A7: A0A336MDR6 | B7: pre-Test | C7: Y | D7: Y | E7: Y | F7: Y | G7: ATGCAGAAAGCTGTCTGTGTCTTGCAGGGCGACGTGAAAGGAACCATCTATTTCGAGCAGGATAATGAGAGCTCACCGGTCAAAGTAAGTGGTGAGATTACCGGTCTGGCACCCGGTGATCACGGTTTTCATATCCACGAGTTTGGCGACAATACGAACGGTTGCACTAGCGCTGGACCACACTTCAATCCTCATGGCAAGAACCACGCTGGCCCGAATGACGCGGACCGACATGTGGGTGATCTGGGTAACGTTACAGCTGACGCGAACGGCGTCGCAAAGGTAAACATTACCGATAAAGTCATCAGCCTCACAGGATCCCATTCCATTCTTGGCCGTACACTTGTTGTCCATGCTGATGTCGATGATCTGGGTAAAGGAAATCATGAACTGTCTCTGACAACAGGCAATGCGGGCGCGCGTTTAGCCTGTGGAGTGGTCGGGATTTGTAAAGCGGCGGCCGCACTCGAGCACCACCACCACCACCACTGA | H7: MQKAVCVLQGDVKGTIYFEQDNESSPVKVSGEITGLAPGDHGFHIHEFGDNTNGCTSAGPHFNPHGKNHAGPNDADRHVGDLGNVTADANGVAKVNITDKVISLTGSHSILGRTLVVHADVDDLGKGNHELSLTTGNAGARLACGVVGICKAAAALEHHHHHH*
A8: A0A1S3B5B1 | B8: pre-Test | C8: Y | D8: N | E8: N | F8: N | G8: ATGAGCGCTCTGAAGGCGGTAGTGCTGATAGCTGGCGGGGATTCCAATATACGTGGTACGATACAATTCGTACAAGACAGCAATGGCGCGACCCACGTGAATGGGCGGATTTCGGGACTTTCACCGGGATTGCATGGTTTCCATATTCATGCCTTAGGCGATACAACCAACGGCTGCAATTCAACGGGTCCACATTTCAATCCGCTCAAAAAAGACCACGGGGGTCCTGGGGACTCAGAGCGTCACGTTGGCGACCTGGGAAATATTTATGCAGGACCCGACGGTGTAGCGGAAGTTTCCATCTCAGATCGCTTGATTAGTTTAAAAGGTCCTCATAGTATTATCGGCAGAGCAGTGGTTGTGCATGCTGATCTTGATGACTTAGGAAAAGGCGGTCACGAGCTGAGCAAAACCACTGGCAATGCCGGGGCCCGCATCGGATGTGGTATCATCGGTATTCAGTCAAGTGTGGCGGCCGCACTCGAGCACCACCACCACCACCACTGA | H8: MSALKAVVLIAGGDSNIRGTIQFVQDSNGATHVNGRISGLSPGLHGFHIHALGDTTNGCNSTGPHFNPLKKDHGGPGDSERHVGDLGNIYAGPDGVAEVSISDRLISLKGPHSIIGRAVVVHADLDDLGKGGHELSKTTGNAGARIGCGIIGIQSSVAAALEHHHHHH*
A9: D2K8K6 | B9: pre-Test | C9: Y | D9: Y | E9: Y | F9: Y | G9: ATGTCCTTGATAGATGCCGTTTGCGTGCTGAAAGGGGACGTTACAGGGGCAATAACATTTTCGCAACAGTCGGCGGACGGACCTGTCTCCATAAAGGGGCAAATTACGGGACTTACCGAAGGGAAGCACGGGTTTCATATCCACGAGTTTGGGGACAACACAGATGGCTGTACGTCTGCGGGACCACATTTTGATCCTTTTAAAAAGACTCATGGCGCTCCCGAAGACGAGGAGCGGCATGTGGGTGACTTAGGGAATGTTAAGGCAGGAGCCGACGGCTGCATAGTGGACATTGAGGATAAAGTGATCAAATTGACAGGGCCAAACTCAATCATAGGCAGAAGCCTTGTAGTACATGCAGATGAAGACGATCTGGGAAAGGGCGGTCATAAATTGAGCAAAACCACCGGCAACGCGGGAGCCCGGCTTGCGTGTGGAGTGATCGGCATTAAAAAGAAGGCGGCCGCACTCGAGCACCACCACCACCACCACTGA | H9: MSLIDAVCVLKGDVTGAITFSQQSADGPVSIKGQITGLTEGKHGFHIHEFGDNTDGCTSAGPHFDPFKKTHGAPEDEERHVGDLGNVKAGADGCIVDIEDKVIKLTGPNSIIGRSLVVHADEDDLGKGGHKLSKTTGNAGARLACGVIGIKKKAAALEHHHHHH*
A10: A0A353RG61 | B10: pre-Test | C10: Y | D10: Y | E10: N | F10: N | G10: ATGCTGAGACGGCGGCCCGATGCCGAAGCGGTGATCAAAGGAAGCGCGGAATATCCGGGCGTGCGTGGCACTGTGTCTCTGTACCGTGCAGGCGGCGGTGTCTTATTAGCGGCAGAAGTGACCGGCCTTCCTCGTGGCACTGGTGCATGCGCAGTAAATGTTTTCGGTTTTCATATTCATGAAGGCTACTCATGCACTGGCAACGCAGAAGATCCTTTTGCTAATGCAGGCGCCCATTATAATCCCGAGGGCTGCCCACACCCGGCGCACGCAGGTGATCTCCCACCTCTGTTCGGAAATCGTGGCTATGCATTTCTGGCTTTCTTTACATCTCGCTTTAGTATTGAAGATGTAGCAGGTCGCACTGTTATCATCCACGCGCAACCGGATGATTTCACTACTCAGCCAAGCGGCGATTCTGGTGCCCGAATTGCTTGCGGGCGCATTCTTCCGGCGCGAGGGCGCCGTCGAGCGGCCGCACTCGAGCACCACCACCACCACCACTGA | H10: MLRRRPDAEAVIKGSAEYPGVRGTVSLYRAGGGVLLAAEVTGLPRGTGACAVNVFGFHIHEGYSCTGNAEDPFANAGAHYNPEGCPHPAHAGDLPPLFGNRGYAFLAFFTSRFSIEDVAGRTVIIHAQPDDFTTQPSGDSGARIACGRILPARGRRRAAALEHHHHHH*
A11: A0A1W9GC89 | B11: pre-Test | C11: N | D11: N | E11: N | F11: N | G11: ATGTACCACACAGGCAAGCATGATAACAAATTAAAAGCCAAAGCAAGTCTTGCTGGTCCGGGAATCACTGGCGAAGCCGACCTGTACGAGGAGTATGAAGGCCGGGTGCGCATTAAGTTAAAAGTTCAAGGAACAACTGAAAGCAAACTCAACCCGGGTCTGCATGGTATTCATATTCACGAAGTGGGTAGTTGTGAGCCGTTCTCTGCAGCGAAAGGACATTATGATGGTAACGTTGATCAAAATATTAATCCTGAGGCATCCGTTAATCCCGGCCTTGGCAATCACCCCTACCATCTTGGCGATCTGCAGAACCTGAGTGTGGATGAGAATCGGAAAGGAGCTTTATATACAGTCACATCTCGGGTGACATTATCTCCCGGCCTGAACACGCTCTTTGACCAGGACGGAAGTGCATTTATCATACATGAGCTGCCTGACAAATACTTGCCAGACCCGCCAAATAAAGATGCACCAGGCGGCCCACGTATTGCTTGTGGTGTGATAGTGAAGCAGGCGGCCGCACTCGAGCACCACCACCACCACCACTGA | H11: MYHTGKHDNKLKAKASLAGPGITGEADLYEEYEGRVRIKLKVQGTTESKLNPGLHGIHIHEVGSCEPFSAAKGHYDGNVDQNINPEASVNPGLGNHPYHLGDLQNLSVDENRKGALYTVTSRVTLSPGLNTLFDQDGSAFIIHELPDKYLPDPPNKDAPGGPRIACGVIVKQAAALEHHHHHH*
A12: A0A2A2SHP7 | B12: pre-Test | C12: Y | D12: Y | E12: Y | F12: Y | G12: ATGGAACCAGTAGCAGGAGGACAGATGGCCACGGCAGCCATGCGTACAAGTACCGGGGCAGATGCAGGGCGCGCAACTGCGCGTGAAGTTGCGGGAGGCGTACGCTTCACCATTGATGCACGCGGCTTGCCGCCAGGCCAGCATGGGGCCCACGTCCATACGACTGGAAGATGCGACCCTCCGGGGTTCGAATCAGCCGGTCCGCATTGGAATCCGACCAACACGAAGCATGGCTCTAATAACCCTCAGGGGCCGCACCTCGGGGACCTTCCTAACCTTACGGTGGGAGCTGATGGCCGAGGGACGATCGCCATGACAATGCCGGGTGCTACTATGGCTAGTCTGTTAGATGCCGATGGTGCGGCTATGATGGTTCACGCGGCCGCGGATGACCTGGTCACAGATCCTTCCGGTAACTCCGGCGGTCGTATCGCGTGCGGAGTCTTTCAGCTCGGGGCGGCCGCACTCGAGCACCACCACCACCACCACTGA | H12: MEPVAGGQMATAAMRTSTGADAGRATAREVAGGVRFTIDARGLPPGQHGAHVHTTGRCDPPGFESAGPHWNPTNTKHGSNNPQGPHLGDLPNLTVGADGRGTIAMTMPGATMASLLDADGAAMMVHAAADDLVTDPSGNSGGRIACGVFQLGAAALEHHHHHH*
A13: A0A494X3M3 | B13: pre-Test | C13: Y | D13: Y | E13: Y | F13: N | G13: ATGGGTTGTACCACTATTTTTGGAAATCATGAAAAACGCGCGCAGGCTCAGTTACGGCCGACAGCGGGCAACGGTGCACGCGGGACCGTCACCTTTGTCGAGCGCGCAGACGGGGTTCAAGTGACATATAATCTGGTTGGATTGCCCCCAAATAGCGATCACGCACTGCAAGTGCATGAACGCGGTGACTGCAACGCCGTTGATGGTTCAAGCGCTGGTGCCGTATTCGCACCAACCGCGGCGCGCCTGAAATCCGGTGTTCGCGTTGAGGGTGATCTGGGAAATCTTCACGCAGACGAAACGGGAGTTGCCACCGGGTTTATAGTCGCCCCGGATTTATCGCTGGATGGAGTTCGAAGCGTGCTGGGCCGCTCAGTGCTGGTCCATCGGGATACCTCGGACCCAGCGTTCGCAGAGCATGGTGCAGGCCCTGCTCTCGCCTGCGGCCAAATACGTCAGGCGGCCGCACTCGAGCACCACCACCACCACCACTGA | H13: MGCTTIFGNHEKRAQAQLRPTAGNGARGTVTFVERADGVQVTYNLVGLPPNSDHALQVHERGDCNAVDGSSAGAVFAPTAARLKSGVRVEGDLGNLHADETGVATGFIVAPDLSLDGVRSVLGRSVLVHRDTSDPAFAEHGAGPALACGQIRQAAALEHHHHHH*
A14: A0A317HRN1 | B14: pre-Test | C14: Y | D14: Y | E14: Y | F14: Y | G14: ATGCAGAAGGTTGAGATGAAAGATGCCCAGGGCAAATCTGTTGGCACCGCTACTTTGGAACCCTCGGGCCAGGGCATTGTGGTGGAATTAGAACTTAAGGATCTCCCACCGGGTGAACATGCAATCCATTTTCACAAAATTGCGTCATGTGAAGGACCGGACTTTAAAAGTGCAGGTCCCCATCTGAACCCCGATGGTAAGAAGCATGGTTTATTAAACCCAGAGGGCCCGCACGCCGGTGATATGCCGAATTTTACCGTCAAAGCGGATGGCACCGCTAAAGCGTCTGTAAAGGACCCTCGGGTTACTCTCGGCAGCGGTACCCACTCAGTCTTCGCTAATGGGGGCACCGCCCTGGTTATACATGCGATGGCAGATGATTTAAAAACGGATCCTAGCGGCAACTCGGGTGACAGAATAGCTTGTGGGGTCGTCACGAAGGCGGCCGCACTCGAGCACCACCACCACCACCACTGA | H14: MQKVEMKDAQGKSVGTATLEPSGQGIVVELELKDLPPGEHAIHFHKIASCEGPDFKSAGPHLNPDGKKHGLLNPEGPHAGDMPNFTVKADGTAKASVKDPRVTLGSGTHSVFANGGTALVIHAMADDLKTDPSGNSGDRIACGVVTKAAALEHHHHHH*
A15: A0A7W5EV23 | B15: pre-Test | C15: Y | D15: Y | E15: Y | F15: Y | G15: ATGAATGAACATCGTGAGGTGGAGGTTAATCGTGTTAACCCGGAAGGTGTGGGGGAGTCGTTAGGCACCGTTACACTGGAGGATACTGACCACGGTTTACTTTTAACTCCTGATTTATCAGGCTTAAGTCCCGGGATTCATGGGTTTCATGTCCATGAAAACGCCGGTTGCGGCCCCGAGGGTGAAAGCGCTGGCGCTGAAGCGGGTGGTCATTACGATCCGGATGAAACTGGCCGTCATGAAGGACCATATGGCGACGGCCATTTGGGAGATCTTCCGGTTCTCGTAGTCGACGAAGATGGTGAAGCCCGTCTTCCCGTCCTTGCGCCGCGACTTGGTTTAGAAGACCTGCAAGGTCGTAGTCTGATGATCCACGAAGCCGGTGACAATTACGCGGACGAACCTAAACCCCTGGGAGGTGGCGGCGCACGAGTAGCTTGCGGCATGATAGCAAGCGCGGCCGCACTCGAGCACCACCACCACCACCACTGA | H15: MNEHREVEVNRVNPEGVGESLGTVTLEDTDHGLLLTPDLSGLSPGIHGFHVHENAGCGPEGESAGAEAGGHYDPDETGRHEGPYGDGHLGDLPVLVVDEDGEARLPVLAPRLGLEDLQGRSLMIHEAGDNYADEPKPLGGGGARVACGMIASAAALEHHHHHH*
... A17: A0A0Q8MME5 | B17: pre-Test | C17: Y | D17: Y | E17: Y | F17: N | G17: ATGCAGGACAAGCAGACGGCCACAGCGGATTTTGTAGGAAAAGACGGTAAGGAGGATGGCCGGGCGACGCTGACTGCCGCAGCAGGAGGCGGGGTCCTGATGGAAGTCGAGGTAACGGGCTTACCTGCCAACAAGTGGGTGGCATTTCATGTGCATGAAACGGGTAAATGTGACGCGGCGTCTCACCATGAGAGTGCAGGTAAACATTTTAACCCTACCGATGCGGAACATGGACTGCTGGCTGCGAAGGGTCCACATGCAGGGGACATGCCGAATCAGTATGTTGGTCCAGATGGCATCCTCCGCGCACAGGTATTTGATAGTATGGTGACCCTTGACGATAAAAAAACCGGCATTCGCGGTAGAGCCCTGATGATTCACGCAAACTCCGATGATTACAGATCCCAACCCGCAGGGGATGCAGGTGAGCGTCTGGCATGCGGTGTTATAAAAGCGGCCGCACTCGAGCACCACCACCACCACCACTGA | H17: MQDKQTATADFVGKDGKEDGRATLTAAAGGGVLMEVEVTGLPANKWVAFHVHETGKCDAASHHESAGKHFNPTDAEHGLLAAKGPHAGDMPNQYVGPDGILRAQVFDSMVTLDDKKTGIRGRALMIHANSDDYRSQPAGDAGERLACGVIKAAALEHHHHHH*
A18: 0 | B18: GAN | C18: Y | D18: Y | E18: Y | F18: N | G18: ATGGTTAAGGCCGTTAGCGTGCTGCGCGGCGATAGTAAAGTTTCTGGGACTGTGCATTTTGAACAGGCGTCGGAGAACCCGCCTACGACCGTTACTTATGAAATTACAGGGAATGATCCAAACGCGAAACGGGGTTTTCACATTCATACATTTGGCGATAATACTAATGGTTGCACCAGTGCTGGCCCGCATTTTAATCCTTATGGCAAAACGCATGGCGCTCCTTCAGATGAGTGGCGACATGTTGGTGACTTAGGTAACATTGAAACTGACGCCAAGGGAAACGCCAAGGGGAGTATCACAGACAAGTTAATAAAGCTTATTGGCCCTAACAGCATTATAGGACGCACTGTAGTAGTTCACGCAGGCACCGATGATCTGGGTAAAGGCGACAACGAAGAAAGTTTAAAAACCGGCAACGCCGGTGGGCGCCCTGCATGCGGCGTTATCGGAATATCTAATGCGGCCGCACTCGAGCACCACCACCACCACCACTGA | H18: MVKAVSVLRGDSKVSGTVHFEQASENPPTTVTYEITGNDPNAKRGFHIHTFGDNTNGCTSAGPHFNPYGKTHGAPSDEWRHVGDLGNIETDAKGNAKGSITDKLIKLIGPNSIIGRTVVVHAGTDDLGKGDNEESLKTGNAGGRPACGVIGISNAAALEHHHHHH* | J18: =COUNTIF(C18:C35,"Y") -> 18 | K18: =COUNTIF(D18:D35,"Y") -> 18 | L18: =COUNTIF(E18:E35,"Y") -> 17 | M18: =COUNTIF(F18:F35,"Y") -> 12
A19: 889 | B19: GAN | C19: Y | D19: Y | E19: Y | F19: Y | G19: ATGGTAGTCAAGGCAGTCTGTGTATTGAAAAGTAATAACGTGCAGGGTAACACAATTTTCTATACCGAATGCGCGGATGGTCCGACCAAAGTTACAGGATCGCTGACCGGGCTGAAACCTGGTCTGCATGGGTTCCATGTTCATGCGCTTGGTGATACAACCAACGGCTGTTTATCGACAGGTCCGCATTTTAATCCGGCAGGTAAGGAACATGGTGCCCCGGAAGATGTTGTTCGCCATGCAGGAGATCTCGGTAATGTTACCGTCGGAGAAGACGGTACCGTGAATTTTTCACTCACTGACAGCCAAATTCCGCTTACCGGTACAAACTCCATTATCGGAAGAGCAGTGGTTGTTCATGCAGATCCTGACGATTTAGGCAAGGGCGGGCACGAACTGTCCAAGACAACAGGTAACGCCGGTGGTAGATGCGCATGCGGCGTAATAGGCTTACAGGGAGCGGCCGCACTCGAGCACCACCACCACCACCACTGA | H19: MVVKAVCVLKSNNVQGNTIFYTECADGPTKVTGSLTGLKPGLHGFHVHALGDTTNGCLSTGPHFNPAGKEHGAPEDVVRHAGDLGNVTVGEDGTVNFSLTDSQIPLTGTNSIIGRAVVVHADPDDLGKGGHELSKTTGNAGGRCACGVIGLQGAAALEHHHHHH*
A20: 1173 | B20: GAN | C20: Y | D20: Y | E20: Y | F20: Y | G20: ATGGTGAAAGCGGTGGCCGTACTGACTGGATCTGAAGGCGTAAAGGGAACGGTGAGCTTCTCCCAAGAAGGAAATGGCCCTACTACCGTCACGGGATCACTGTCGGGTCTTAAACCGGGCCTGCACGGATTTCATGTCCACGCTTTGGGAGATACAACGAACGGCTGTATGTCAACCGGCGCGCATTTTAATCCTAGTGGTAAAGAGCACGGAGCACCGGAAGACGAAAACCGGCATGCTGGCGATCTGGGCAATGTTACAGCTGGCGAGGATGGCACTGCAACATTTTCCATAGTCGATAACCAAATCCCGCTCACAGGACCCAATTCTATTATAGGCCGTGCCGTCGTTGTGCATGCAGACCCTGATGACCTGGGAAAGGGGGGACATGAACTCTCGAAGTCTACTGGCAACGCCGGAGGGCGGGTAGCCTGCGGTGTGATTGGTCTTCAGGGGGCGGCCGCACTCGAGCACCACCACCACCACCACTGA | H20: MVKAVAVLTGSEGVKGTVSFSQEGNGPTTVTGSLSGLKPGLHGFHVHALGDTTNGCMSTGAHFNPSGKEHGAPEDENRHAGDLGNVTAGEDGTATFSIVDNQIPLTGPNSIIGRAVVVHADPDDLGKGGHELSKSTGNAGGRVACGVIGLQGAAALEHHHHHH*
A21: 1190 | B21: GAN | C21: Y | D21: Y | E21: Y | F21: Y | G21: ATGGTCTGGAAGGCCGTGTGTGTGCTCAACGGAGAATGGGTCAAAGGTGTTATTCACTTTACGCAAAACTGCCCGAATGCGCCGGTGGTCATATCCGGGGAGTTTACCGGGTTAACTCCAGGGAAGCATGGCTTTCATGTACATGAATATGGAGATAACACGAATGGCTGCACCTCCGCGGGAGCTCATTACAACCCTTTTAACAAAGAACATGGTGCTCCGAATGATAGCGTTAGACATGTGGGAGACCTTGGCAACATAGAAGCTAACGAAGAGGGTGTTGCAAAAGTTAAGATGTCGGATAATATGATGAGCTTGACAGGGCCAAATTCTATTATTGGGCGAACACTGGTCGTGCACGCCGATGAGGATGATCTGGGCAAAGGCGGCCATGAACTCAGTAAAACCACTGGTAATGCAGGAGAAAGAGTGGCCTGCGGCGTTATTGGCATTGCCAAATGGGCGGCCGCACTCGAGCACCACCACCACCACCACTGA | H21: MVWKAVCVLNGEWVKGVIHFTQNCPNAPVVISGEFTGLTPGKHGFHVHEYGDNTNGCTSAGAHYNPFNKEHGAPNDSVRHVGDLGNIEANEEGVAKVKMSDNMMSLTGPNSIIGRTLVVHADEDDLGKGGHELSKTTGNAGERVACGVIGIAKWAAALEHHHHHH*
A22: 2724 | B22: GAN | C22: Y | D22: Y | E22: Y | F22: N | G22: ATGGTGAAGGCCGTTTGCGTACTTCGCGGGGACAAAAAAGTTAGCGGAACTGTACACTTTGAACAGGAGGGAGAGAGCCCTACGACCGTGACGGGAGAGCTGACTGGGCTCGCAGATGGGCTGCATGGTTTCCATGTTCATGAACTGGGCGATAATACTAACGGGTGCGGATGCGCGGGTGCGCACTTCAACCCAGATGGGTGTACACATGGTGCCCCGACCGATGCTAAAGGCGAGCGTCATATAGGTGATCTGGGTAATGTCGAAGCGCTCGGTAACTCAAACAAAGTAGGAATTACCACTTCCATGATCTCGAAGCTGGGGGAAAACTGGGTCCTCGGCCGGCGTGTCGTGATCCATGCGGATCTCGATGATCTTGGAAAAGGTGGGCATGAATTATCCAAAAGTAAAGGTAACGCAGGAGCACGTTCCGCTTGCGGCGTCATCGGTATAGCCAAAAATGCGGCCGCACTCGAGCACCACCACCACCACCACTGA | H22: MVKAVCVLRGDKKVSGTVHFEQEGESPTTVTGELTGLADGLHGFHVHELGDNTNGCGCAGAHFNPDGCTHGAPTDAKGERHIGDLGNVEALGNSNKVGITTSMISKLGENWVLGRRVVIHADLDDLGKGGHELSKSKGNAGARSACGVIGIAKNAAALEHHHHHH*
A23: 4277 | B23: GAN | C23: Y | D23: Y | E23: Y | F23: Y | G23: ATGGCGCGGTGCGTTGCAGTAATAAACGGCGACGGAATAAAGGGTTCTCTTTCACTGTGGCAGGCCCAAGAAGAAGCTCCCACTTCAATCGAAGGACAGATTAAAGGACTGACCCCGGGAAAGCATGGCTGCCATATCCACGTGTATGGGGATTTCTCTGAAGGTTGTCTGTCAGCCGGTGGTATCTTCAACCCTTTTGGCTGTAACCATGGGGCACCAGATGATAAAGAACGTTATGTTGGTGATTTAGGTAACATTGAAGTGGGGGACGACGGGGTCGCAACCGTAAATATAGAGGATAGACTGGTGAAATTAATTGGACCCCATAGTATTATCGGGCGCTCTATGGTGGTCAAAAGCAATGAAGACGATTTGGGTTGGGGCGGTAACGAAGATAGTCTTATCACGGGAAATGCTGGTCCGCGCCTGGCGTGTGGGGTGGTTGGCATTGCGTCGAACGCGGCCGCACTCGAGCACCACCACCACCACCACTGA | H23: MARCVAVINGDGIKGSLSLWQAQEEAPTSIEGQIKGLTPGKHGCHIHVYGDFSEGCLSAGGIFNPFGCNHGAPDDKERYVGDLGNIEVGDDGVATVNIEDRLVKLIGPHSIIGRSMVVKSNEDDLGWGGNEDSLITGNAGPRLACGVVGIASNAAALEHHHHHH*
A24: 4290 | B24: GAN | C24: Y | D24: Y | E24: Y | F24: Y | G24: ATGGCCAAAAAAGCAGTTTGTGTGTTAAAAGGTACTGGAGAGGTCACGGGTACTGTTTATTTTGATCAGGAGGGTGAGGGTGCGGCGGTCAAAGTTACGGGTGAAATTACCGGGTTGACCTTTGGCAAACATGGCTTCCACGTACATGCGTTCGGCGATAACACCAATGGCTGTATTTCCGCGGGACCACACTTCAATCCTTATAATAAAACACATGGGGGTCCAACCGACGCCGTGAGACATGTGGGCGATCTGGGGAATGTTATTGCCGATGCCAATTCTGTGGCTAAAATTGATATTGAAGACAAGATGGTTACCCTGTCTGGCCCACATAGCATCATCGGTCGTACCATGGTCATACATGAGAAAAAAGACGATTTGGGTAAAGGCGGCAATGAAGAAAGCCTCAAAACAGGCAATGCCGGCGGTCGGTTAGCCTGTGGCGTGATTGGCATCACCAATGCGGCCGCACTCGAGCACCACCACCACCACCACTGA | H24: MAKKAVCVLKGTGEVTGTVYFDQEGEGAAVKVTGEITGLTFGKHGFHVHAFGDNTNGCISAGPHFNPYNKTHGGPTDAVRHVGDLGNVIADANSVAKIDIEDKMVTLSGPHSIIGRTMVIHEKKDDLGKGGNEESLKTGNAGGRLACGVIGITNAAALEHHHHHH*
A25: 5114 | B25: GAN | C25: Y | D25: Y | E25: Y | F25: Y | G25: ATGGCGACGAAAGCTGTTTGTGTACTGAAAGGGGACGGTCCGGTACAGGGCACCATTTATTTCGAACAAAAATGCAGCGGCCTGCCCGTGGTCGTTAGTACCTTTACGACAGGGCTTGAAGAAGGTGAGCATTTTCACGTTCACCAATTTGGTGACAACACACAAGGATGCACAAGTACGGGCCCTCACTTTAATCCACTGCATAAAAAACATGGCGGCCCCGAGAACGAAGAGCGCCATGTCGGAGATTTGGGCAATGTGACGGCGGGAAAGAATGGAGTAGCCAATGTTTCCTATGAAGATAGTGTGGTTTCTCTGAGCGGTGACCATTCTATTGTTGGTCGCACCCTTGTCGTCCATGAAAAAGAGGACGACTTAGGGCGTGGTGGTAATGAGGAGTCAAAGAAGACCGGAAACGCTGGGTCTCGTCTGGCCTGCGGCGTGATTGGGATTGCCGCTGCGGCCGCACTCGAGCACCACCACCACCACCACTGA | H25: MATKAVCVLKGDGPVQGTIYFEQKCSGLPVVVSTFTTGLEEGEHFHVHQFGDNTQGCTSTGPHFNPLHKKHGGPENEERHVGDLGNVTAGKNGVANVSYEDSVVSLSGDHSIVGRTLVVHEKEDDLGRGGNEESKKTGNAGSRLACGVIGIAAAAALEHHHHHH*
A26: 5138 | B26: GAN | C26: Y | D26: Y | E26: Y | F26: Y | G26: ATGGCTTCCGCTGTGTGTGTACTCTTAGGAGAGAATGTCAAAGGCGTATTGTTTTTTACACAGCGTGGAGAAGTTCTGAATATCCATGGTGAGGTCAAAGGTCTTACGCCAGGTGATCATGGGTTTCACGTTCACGAATTCGGTGACTATACGAATGGTTGCATGAGTGCAGGTCCACACTTTAATCCCACCAAAGTGGAACACGGGGGGCCACAGGATGAAGTGAGACATGTGGGTGATCTGGGGAATATTGTCGCCAACGCTTCGGGTGTGGCACATGTCGATATCAAAGATTGTTTAATTAGCCTGACCGGTCCGAATGGCATTATTGGACGTACTGCTGTCGTACACGCTGACGAAGATGACTTAGGAAAGGGTGGCCATGAACTGTCTAAAACAACGGGGAACGCAGGTGCCAGACTTGCGTGTGGAAATGTAGGCATAGGAAAAGCGGCCGCACTCGAGCACCACCACCACCACCACTGA | H26: MASAVCVLLGENVKGVLFFTQRGEVLNIHGEVKGLTPGDHGFHVHEFGDYTNGCMSAGPHFNPTKVEHGGPQDEVRHVGDLGNIVANASGVAHVDIKDCLISLTGPNGIIGRTAVVHADEDDLGKGGHELSKTTGNAGARLACGNVGIGKAAALEHHHHHH*
A27: 5660 | B27: GAN | C27: Y | D27: Y | E27: Y | F27: Y | G27: ATGGCAACAAAAGCAGTCTGTGTTTTAGTAGGCCAAAAGGCACGGGGAACGGTTTATTTTGAGCAGGCAGGTGAATCCACTGCGACCTGCATTACAGGCGAGATAAGCGGCCTGCCTAAAGGCCTGCACGGTCTTCATGTTCATGAATTTGGGGATAATAATAATGGATGCCTGTCAGCTGGCCACTTCTTTAACCCAGAAAAAAAATTGCATGGTGCGCCTACCGATAATCGCCGGTTAGTGGGAGATTTAGGTAACGTGACGGCCGATGATAACGGGCTGGCTAAAATTAATATCGTGGATCATCAAGTCTCCCTTACGGGGCCGCACAGCGTGATTGGTCGGACACACCATATCCATGAGAACGCCGATGATCTTGGTCGTGGCGGCCATCAGCAGTCTAAAAGCACAGGTAACGCAGGAACACGTGCTGCGTGTGGGATAATCTGCGTTATTGGCGGAACAACTAAACACCGTCTCGCGGCCGCACTCGAGCACCACCACCACCACCACTGA | H27: MATKAVCVLVGQKARGTVYFEQAGESTATCITGEISGLPKGLHGLHVHEFGDNNNGCLSAGHFFNPEKKLHGAPTDNRRLVGDLGNVTADDNGLAKINIVDHQVSLTGPHSVIGRTHHIHENADDLGRGGHQQSKSTGNAGTRAACGIICVIGGTTKHRLAAALEHHHHHH*
A28: 5748 | B28: GAN | C28: Y | D28: Y | E28: Y | F28: Y | G28: ATGATGACTTATACTAGCAGCAGCGGAACCCTGAAAGCTGTAGCATTGATTTATGGCGATAATAATGTTAGAGGCAGTGTGCAATTCCTCCAGGATTCTAACGGAATTACGCGAGTTAAAGGGAGAATCACTGGCCTCACCCCGGGACTGCATGGATTCCATATCCATGCGCTGGGCGACACCACCAACGGCTGTAACTCAACCGGTCCACACTTTAATCCGCTTAACAAAGACCACGGGGCCCCGTCGGATGAAGAACGGCACGCTGGTGACTTGGGAAACATCGTGGCCGGTCCTGATGGAGTTAGCGAAATATCCATTAGCGATCGGCAGATTCCGCTTAGTGGACAGCGCAGTATACTGGGCCGTGCCGTTGTGGTCCATGCGGATCCTGACGACTTAGGGCGCGGTGGGCATGAACTGTCCAAGACCACAGGCAATGCCGGTGCGCGTGTGGGTTGTGGTATTATTGGCCTGCAATCTAGCGTGGCGGCCGCACTCGAGCACCACCACCACCACCACTGA | H28: MMTYTSSSGTLKAVALIYGDNNVRGSVQFLQDSNGITRVKGRITGLTPGLHGFHIHALGDTTNGCNSTGPHFNPLNKDHGAPSDEERHAGDLGNIVAGPDGVSEISISDRQIPLSGQRSILGRAVVVHADPDDLGRGGHELSKTTGNAGARVGCGIIGLQSSVAAALEHHHHHH*
A29: 6567 | B29: GAN | C29: Y | D29: Y | E29: Y | F29: N | G29: ATGTCAAACTGTGCGGTTGCAGTTCTGCGCGGCGATGTCGTGAATGGGATTATCTACTTTAAACAGAATAAGGAGGGTGATCCCACCAAACTGACCGGCGAGATAACCGGGCTTACCCCGGGACTGCATGGTTTTCACATTCATCAGTATGGTGATACTACCAATGGATGCATTTCTGCGGGCCCGCATTTTAATCCGTATAATAAAACTCATGGTGGGCCCACCGATGAAAACCGCCATGTAGGAGACCTGGGTAACATTGAGGCCGATGCAGACGGTAAAGCGAAGATCGATATTACAGATAAACTGATTACGTTGTACGGACCGAATTCCATCATTGGTCGTTCCCTGGTAGTGCATGCGGATGTGGATGATCTGGGTAAAGGCGTCGGTGACAAGAAAGATGAGTCATTAAAAACTGGCAACGCAGGCGCAAGACTGGCATGTGGAATAGTCGGTCTGGCAGCCCCGAGTGCGGCCGCACTCGAGCACCACCACCACCACCACTGA | H29: MSNCAVAVLRGDVVNGIIYFKQNKEGDPTKLTGEITGLTPGLHGFHIHQYGDTTNGCISAGPHFNPYNKTHGGPTDENRHVGDLGNIEADADGKAKIDITDKLITLYGPNSIIGRSLVVHADVDDLGKGVGDKKDESLKTGNAGARLACGIVGLAAPSAAALEHHHHHH*
A30: 7017 | B30: GAN | C30: Y | D30: Y | E30: Y | F30: N | G30: ATGAAAGCAATATGCGTAATCACAGGCGACACTCATGGGTGCGTCTATTATAAGCAGGATGGTCCGAACTATCCTGTGAAGCTGACGGGGTACTTATTGAATTTACCGCGTGGCCTCCATGGTTTCCACGTTCATGAATATGGAGACTGGTCTAATGGCTTCACCTCGTGGGGTGAACACTTTAATCCGACCTGGTGGGATCACGGTGCGCCCGATGCAGCTGAACGACATGTGGGCGATCTGGGCCTTGTTCGTAGCGCAGGTTGTACGGCGTTGACTCCAATCGAGATGAAGGACAACGTAATTTCTTTAACTGGATACCTTACAATTATCGGCCGCAGCCTGGTGGTGCATACTGACCGCGACGATCTGGGCCTGACCGACCATCCTCTCTCTAAACACACCGGCAATTCTGGGGGTCGCCTCGGATGCGGCATTATAGCCATCTGCGCTAATGCGGCCGCACTCGAGCACCACCACCACCACCACTGA | H30: MKAICVITGDTHGCVYYKQDGPNYPVKLTGYLLNLPRGLHGFHVHEYGDWSNGFTSWGEHFNPTWWDHGAPDAAERHVGDLGLVRSAGCTALTPIEMKDNVISLTGYLTIIGRSLVVHTDRDDLGLTDHPLSKHTGNSGGRLGCGIIAICANAAALEHHHHHH*
... A35: 9694 | B35: GAN | C35: Y | D35: Y | E35: Y | F35: N | G35: ATGACTGCCATGAAATACGTTAAAGTCATTGTGTTCACAGAGGGCATTAACAACTGCCGCGGCCTGCTGCAGTTTGTACAGGAACCAAATGGGGCCACACATGTTAAGGGTCGTTTAACCGGCTTATCCCCCGGGCTGCATGGGTTTCATGTCAACGCTCTGGGCGATACAACCAACGGTTGCAACTCGACAGGGCCGCATTTCAATCCATTGAAAAAAGATCACGGAGCTCCTTCGGATCAAGAGCGCCATGCGGGGGACCTTGGCAATATCGTCGCTGCCTGCGACGGGGTCGCAGAAGTGAGCCTCAAAGATTGGCAAATCCCCCTGTCTGGCCCACATAGCATTCTCGGAAGAGCGGTTGTAGTCCATGCGGATCCGGACGATCTGGGGCGCGGAGGCCATGAACTGTCAAAGACTACCGGGAACTGCGGCGCACGTGTGGTTTGGGGGATTATAGGTAATTGGTCGGCCGTCGCGGCCGCACTCGAGCACCACCACCACCACCACTGA | H35: MTAMKYVKVIVFTEGINNCRGLLQFVQEPNGATHVKGRLTGLSPGLHGFHVNALGDTTNGCNSTGPHFNPLKKDHGAPSDQERHAGDLGNIVAACDGVAEVSLKDWQIPLSGPHSILGRAVVVHADPDDLGRGGHELSKTTGNCGARVVWGIIGNWSAVAAALEHHHHHH*
A36: 0_A0A0D7B0Z6 | B36: ESM-MSA | C36: Y | D36: Y | E36: Y | F36: N | G36: ATGGCAGTTAAAGCAGTTTGCGTTCTGAATGGTGCTGGTGCAGGTGAGGAAGTTAAGGGTGTGGTGCACTTCACGCAAGAAGGTGAAGGAAAAGTCACCATTACCGGGGAGATTACCGGCCTCACACCGGGAAAACACGGCTTTCACGTTCATGAATTTGGTGATAACACCAATGGTTGCACGTCGGCTGGTCCTCATTTTAACCCATTTAATAAAGAACACGGAGGTCCGAATGATACCGTCCGTCACGTAGGCGATCTCGGGAATGTGGAAGCCGATGCAAATGGCGTTGCAAAAGTAAATATCACAGATAAACTTATTTCTCTGACTGGCCCTAATTCAATCATTGGGCGTACCCTTGTTGTGCACGCCGATCCCGACGATTTAGGTAAAGGTGGCCACGAATTATCTAAGACTACAGGGAACGCGGGTGCTCGCCTCGCTTGCGGGGTCATAGGAATTACCAAAGCAGCTGCGGCCGCACTCGAGCACCACCACCACCACCACTGA | H36: MAVKAVCVLNGAGAGEEVKGVVHFTQEGEGKVTITGEITGLTPGKHGFHVHEFGDNTNGCTSAGPHFNPFNKEHGGPNDTVRHVGDLGNVEADANGVAKVNITDKLISLTGPNSIIGRTLVVHADPDDLGKGGHELSKTTGNAGARLACGVIGITKAAAAALEHHHHHH* | J36: =COUNTIF(C36:C53,"Y") -> 18 | K36: =COUNTIF(D36:D53,"Y") -> 18 | L36: =COUNTIF(E36:E53,"Y") -> 18 | M36: =COUNTIF(F36:F53,"Y") -> 10
A37: 0_A0A0K0D5V0 | B37: ESM-MSA | C37: Y | D37: Y | E37: Y | F37: N | G37: ATGAGTGTGAAAGCAGGAGGGGGGTTTGGTGGTTTCCAGGCAGTCCCCGGCGGGGATCCGAATAATCTCCTGGGCGTTATTGATATCACTGAACTCGACGGCGTGGTCACTATGACTGGCAGCCTTACCGGCTTACCGCCGGGACCACATGGCTTCCATGTTCACGAATATGGTGATCTGGGTAACGGTTGTTTGGCGTCAGGTGCACATTTCAATCCTTACCGTTCCGACCACGGGGGTCCTGCCAATCCGCCATCTAGTCGCCATGTGGGTGATCTGGGTAATATAACCACGGATAACGGCGGACCAACCCCGATCAACGTCAAAGATCCGCTCATGACGTTTACCGGGAACCGGGGTATCATAGGCCGCGCCTTCGTTATCCACGCCAATCCTGATGACCTGGGGACCGCCGGTAACGACGGGTCAAAGACGGTAGGTAACGCAGGTACACGCTTAGCCTGCGGTATTATAGGGATAGCCAAAGCGGCCGCACTCGAGCACCACCACCACCACCACTGA | H37: MSVKAGGGFGGFQAVPGGDPNNLLGVIDITELDGVVTMTGSLTGLPPGPHGFHVHEYGDLGNGCLASGAHFNPYRSDHGGPANPPSSRHVGDLGNITTDNGGPTPINVKDPLMTFTGNRGIIGRAFVIHANPDDLGTAGNDGSKTVGNAGTRLACGIIGIAKAAALEHHHHHH*
A38: 0_A0A183B4Z1 | B38: ESM-MSA | C38: Y | D38: Y | E38: Y | F38: Y | G38: ATGGCTGTAGCAACCTTTCCGTATAGCGGCCAGGTTTTCGTAACTGCGTCGGGCGGTACCTTGACGGTCCGGGGACAGATATCCGGATTACCCGCAAATGCGACCCTCGGTGTTCATATACACCAATATGGCGACTTGGGTAATGGATGTCTGAACGCCGGTGGACATTTCAATCCTTTTGGCAAAAATCACGGCGGTCCCACCTCAGCAACCCGTCACCCAGGCGATTTCGGGAACGTCCGTACAGATGGCATGGGTGTAGCCAACTTCAACTTGACCGTGAATAACTCCGGCCTTACACCGAACGACGAATTGATTGGTCTGGCCGTGGTTGTCCATGCAGGTCAAGACGACCTTGGCCAGGGTGGGAACGCTGGGAGCCTTGCCACTGGTAATAGCGGGCCGCGTTTGACATGTGCAGTAATTGGTGTTGCTGCGGCCGCACTCGAGCACCACCACCACCACCACTGA | H38: MAVATFPYSGQVFVTASGGTLTVRGQISGLPANATLGVHIHQYGDLGNGCLNAGGHFNPFGKNHGGPTSATRHPGDFGNVRTDGMGVANFNLTVNNSGLTPNDELIGLAVVVHAGQDDLGQGGNAGSLATGNSGPRLTCAVIGVAAAALEHHHHHH*
A39: 0_A0A183IKQ1 | B39: ESM-MSA | C39: Y | D39: Y | E39: Y | F39: Y | G39: ATGAAAGCGGTTTGTGTGATTAAAGGCACTGGCGAAGTTACAGGCACAGTCCACTTTGAACAGGAAGCGGAGGGTCCGGTTACTCTGAAAGGTTCTATAACGGGTCTGACACCCGGTAAACATGGCTTTCACGTTCACGAATTTGGGGATAATACAAATGGGTGTATTAGTGCAGGCCCACACTATAACCCATTTGGGAAAACTCATGGAGGCCCGACTGACGAAAATAGACACGTGGGAGATCTGGGCAATGTGGAGGCGAATGATAAAGGGGTTGCAGAAGTGGAAATCAAAGATAAGCAGATAAAATTAGTGGGTGAACACAGCGTCATCGGCCGTACGATGGTGGTGCACATTGCTGAAGATGATCTGGGGAAAGGTGGCAATGAAGAATCGTTGAAAACAGGTAATGCTGGAGCTCGCGTTGGCTGCGGTATCATCGGGCTTGCTAAAGCGGCCGCACTCGAGCACCACCACCACCACCACTGA | H39: MKAVCVIKGTGEVTGTVHFEQEAEGPVTLKGSITGLTPGKHGFHVHEFGDNTNGCISAGPHYNPFGKTHGGPTDENRHVGDLGNVEANDKGVAEVEIKDKQIKLVGEHSVIGRTMVVHIAEDDLGKGGNEESLKTGNAGARVGCGIIGLAKAAALEHHHHHH*
A40: 0_A0A2K3MJU6 | B40: ESM-MSA | C40: Y | D40: Y | E40: Y | F40: N | G40: ATGGAAGGCGCAAAAGGAACAGTTAAAGGTGTCGCGTTGATTCTTGGTGATAACAATGTGCGTGGTTCCCTGCATTTCGTGCAACATCCGAATGGGACAACACATGTTACCGGGAAAATCACTGGATTGTCCCCTGGACTCCACGGCTTCCATATCCACGCGCTGGGTGACACCACAAACGGCTGCAACAGCACCGGTCCTCACTTTAATCCTTTGAAGAAAGATCATGGTGCTCCGACAGACGATGAACGACATGCGGGTGACCTTGGCAACATAGTCGCAGGACCGGACGGAGTAGCTGAAATATCAATTCGCGACGGTCAGATACCTTTGACAGGCGTACATAGTATCCTTGGCCGTGCTGTCGTGGTCCATGCAGATCCTGATGACTTGGGCCGAGGAGCGGCCGCACTCGAGCACCACCACCACCACCACTGA | H40: MEGAKGTVKGVALILGDNNVRGSLHFVQHPNGTTHVTGKITGLSPGLHGFHIHALGDTTNGCNSTGPHFNPLKKDHGAPTDDERHAGDLGNIVAGPDGVAEISIRDGQIPLTGVHSILGRAVVVHADPDDLGRGAAALEHHHHHH*
A41: 0_A0A3P9IBE0 | B41: ESM-MSA | C41: Y | D41: Y | E41: Y | F41: N | G41: ATGGTTCGTGTGCCTAAAGCTATTCTTGGCCAGTGGTTTGGTCCCGGATCTATCGATGGTCAGGTACAGTTTTCCCAGGCAGTCCCGCAAGGGCCTACTACGATTCAAGTTTCTCTGAAAAATCTCGCCAGCATCGCAGGCGGCTATCATGTACATGTGTTACCTTTAAAACCGGGCTCAGCGTCCCCATGCTCCAATGCTGATATCCTGGGGCATTTTAATCCTCTGGCGTGGAATGTTAGCAATTCCCCGTCTCCAGGAGTAGGTACTGTTGATCAGTATGAGGTGGGTGATATTAGTGGGAAGTTCGGTATGCTGACCTTAAAGGACATTTACGAGGGCGTCCACGAAGATCCATCCATGCCGCTTACGGGTCCCTATTCCATCGTGGGGCGCAGTCTGGTGATACACCATACTAATAGTACCTCTGATACGGGCAATCATCCGATACGTTCCCTCAGTTTTCTGCTGCTGTTAGCGGCCGCACTCGAGCACCACCACCACCACCACTGA | H41: MVRVPKAILGQWFGPGSIDGQVQFSQAVPQGPTTIQVSLKNLASIAGGYHVHVLPLKPGSASPCSNADILGHFNPLAWNVSNSPSPGVGTVDQYEVGDISGKFGMLTLKDIYEGVHEDPSMPLTGPYSIVGRSLVIHHTNSTSDTGNHPIRSLSFLLLLAAALEHHHHHH*
A42: 0_GAXX02001895.1.p1 | B42: ESM-MSA | C42: Y | D42: Y | E42: Y | F42: Y | G42: ATGGCTAGCAGCAAATTGGAGTTTATGGTTGAGAACATAAAAGACCGAAAAGCCTTGAAAGCCGCCTTACTCAAAACCCCTGAAATCTCACGTGCAGAAATTATCGGAGGCGAAGCGGTGGTCATAGAAACCACTTTGCCGTGCGACGCTGCTGGTAAATTGCTGCAAGACATCACGGGCGGTAGAGCTGTGTTACAGGGCTTTGGTGAAGGTGGCGCTGCGGTGGCCATGATGGAGGGAAGCGGTAGCCGCGGTGTAATACGTTTGAGTGGCGTCAGTTCGGGTGACGGTGGATTGGTCGACGGCACGATTGATGGACTTCCTCCCGGTGTGCATAAACTGAACGTACATGTGGCAGGAGATATTTCTCAAGGCTGTGACAGCCTGGGTCCCGTGTGGGAACCTGCGGGGAAATTAGGTACGGTGACAGCCGAGTCAAACGGGCGTGCCAGTTTCAAATTCATGGTTCCTGACTTAAAAATTTCACAAATCGTAGGTCGCTCGCTGGCAATAGCAACAGAAGACCAAAGCCAGCGTTTGGCTTGCGGTGTAATCGCGCGCAGTGCGGGCCTGTTCCAGAACAACAAAAAGATTTGTGCATGCGATGGCGTCACACTTTGGGATGAAAGATACGTTCCGGCGGCAGGCCGGGGTCGTCGACAGCCGATCCCGCCAACCAATAAACTCGCGGCCGCACTCGAGCACCACCACCACCACCACTGA | H42: MASSKLEFMVENIKDRKALKAALLKTPEISRAEIIGGEAVVIETTLPCDAAGKLLQDITGGRAVLQGFGEGGAAVAMMEGSGSRGVIRLSGVSSGDGGLVDGTIDGLPPGVHKLNVHVAGDISQGCDSLGPVWEPAGKLGTVTAESNGRASFKFMVPDLKISQIVGRSLAIATEDQSQRLACGVIARSAGLFQNNKKICACDGVTLWDERYVPAAGRGRRQPIPPTNKLAAALEHHHHHH*
A43: 0_GBGH01012770.1.p1 | B43: ESM-MSA | C43: Y | D43: Y | E43: Y | F43: Y | G43: ATGGTGAAGGCCGTAGCAGTATTACGTGGTGATGCCGGCGTTAGTGGCCTTGTCCATTTCGAGCAGGAGAGTGAATCGTCACCAACCACAATCACCGGCGAAATAACTGGGTTTGATCCTAACACCGAACATGGCTTTCACGTGCACCAATTTGGAGACAATACCAATGGGTGCACGTCTGCCGGCCCGCACTTCAATCCGTTCAATAAAACGCACGGCGGTCCTGCTGATGAGGAGCGTCATGTAGGGGATCTGGGTAATGTGCTGGCAGACGCTAATGGCGTTGCGAAAGTGAGTATTTCTGATTCTCTGGTGAAACTGATTGGTCCAACATCGATTGTCGGCCGTACAGTTGTGGTCCACGCAGGCAAAGATGATCTCGGCAAAGGTGGAAACGAGGAGTCCCTGAAAACGGGTAATGCAGGACCTCGACCTGCATGCGGAGTGATCGGTATTGCCGCAGCGGCCGCACTCGAGCACCACCACCACCACCACTGA | H43: MVKAVAVLRGDAGVSGLVHFEQESESSPTTITGEITGFDPNTEHGFHVHQFGDNTNGCTSAGPHFNPFNKTHGGPADEERHVGDLGNVLADANGVAKVSISDSLVKLIGPTSIVGRTVVVHAGKDDLGKGGNEESLKTGNAGPRPACGVIGIAAAAALEHHHHHH*
A44: 0_GEIB01001647.1.p1 | B44: ESM-MSA | C44: Y | D44: Y | E44: Y | F44: N | G44: ATGCAGGCTGATACCGGCGTGACAGGTACAGTTAAGTTTGTCCAATTAGTACCAGGGGGACCACTGCAAGTGAATGCGACCATCAAAGGTTTGCGCGTCTCATCGAGTTCTTCGTCAAATGATTCAGCGCGTGACCATCGTGCCTTCATGCATGGTATGCATGTGCATCAACTTGGAAATCTTTCTGATAGCTGTCAAAGTACCGGACCGCACTTCAATCCAACTAATACAACCCACGGCGATCGACGCTCAAGCTCACGACACGTGGGCGATTTTGGCAACATTGCGTGCGACAAACATGGAGAATCGAATGTGGTATTTACCGATACTCTGGCAAGTCTTACGGGCCCGCATTCAATCGTTGGCCGGTCGATTAACATCCACGCACGTATGGATGATTTAGGCAGAAACCCGGATAACCCGGCCTCGGTGAGCTCAGGTGACGCTGGACCCCGTATTGCTTGCTGTGTTGTCGAAAAAGTCGACAAGCTGCCTCAGCTGAGCTCCAAAACGGCCCGCCGCATATTGAGAGATATAATGCAACCTTTTTCCGATTTTGAATCAGAAGCGGCCGCACTCGAGCACCACCACCACCACCACTGA | H44: MQADTGVTGTVKFVQLVPGGPLQVNATIKGLRVSSSSSSNDSARDHRAFMHGMHVHQLGNLSDSCQSTGPHFNPTNTTHGDRRSSSRHVGDFGNIACDKHGESNVVFTDTLASLTGPHSIVGRSINIHARMDDLGRNPDNPASVSSGDAGPRIACCVVEKVDKLPQLSSKTARRILRDIMQPFSDFESEAAALEHHHHHH*
A45: 0_GGQN02292676.1.p2 | B45: ESM-MSA | C45: Y | D45: Y | E45: Y | F45: Y | G45: ATGGCCGTTAAGGCTGTATGCGTGCTGAGAGGGGATGTTGTTAGTGGTGTTGTTCGTTTTACACAGAGTGGTCCCGATCAGCCGGTGCATGTGACGGGAGAAGTGAAGGGACTGACACCGGGACAGCACGGATTCCACGTGCACGAGTTTGGTGATAACACTAACGGTTGCACCTCTGCCGGAGGTCATTTTAATCCTCATGGGAAGACTCACGGCGCGCCAGGTGATGAAGAACGTCATGTTGGCGACTTAGGCAATGTTACTGCGAATGCACAGGGCGTGGCTACAGTGGATATCACAGACCGTTTGATTAGCCTCAGCGGTCCGCATTCCATAATCGGTCGTACCCTCGTCGTCCATGCAGATGTTGATGACTTAGGGAAGGGAGGCCATGAACTCAGTAAGACCACCGGAAATGCTGGGGGGAGAGTGGCGTGTGGTGTCATTGGCATAGCTAAAGCGGCCGCACTCGAGCACCACCACCACCACCACTGA | H45: MAVKAVCVLRGDVVSGVVRFTQSGPDQPVHVTGEVKGLTPGQHGFHVHEFGDNTNGCTSAGGHFNPHGKTHGAPGDEERHVGDLGNVTANAQGVATVDITDRLISLSGPHSIIGRTLVVHADVDDLGKGGHELSKTTGNAGGRVACGVIGIAKAAALEHHHHHH*
A46: 0_GHCN01028973.1.p3 | B46: ESM-MSA | C46: Y | D46: Y | E46: Y | F46: N | G46: ATGCCTGCAACGGCGGTTTGCCACTTGCGCCCTAACGCCGCGCTTCCAAACGCTACTGTGTCCGGGCGGGTTACCATGACCCAGCGGACGGGTCCAGTGTACATCGAACTCGATGTACAGGGCTTCGGCCAGTCATCAGGCCCTTCGTTACATGGGTTTCACGTGCATGAGACCGCGGTGACCGGGGGTGATTGTGCCACTGCTGGTGGGCACTTTAATCCACACGGGACAACTCATGGCGGGCCGACAGATGATGTCCGCCATGTCGGCGATTTAGGCAACCTTGAAGTTCCGGCAAATGGCAAATTGAGTTCCTACATCCTTGTGGATCACTTGGTCAGCTTCACAGGCATTAACAATATTATTGGCCGCTCCATTGTGGTCCATGCAGGCGCAGACGATCTTGGCGGGGGTGGGGATGCTGGTAGCCTGGCAAACGGGAATGCGGGCGGCCGCTTAGCATGCTGTACCATTTCTATGGCAGGCGGTCGTGGGCGCCGTCGGCGCCGTGGCGCGGCCGCACTCGAGCACCACCACCACCACCACTGA | H46: MPATAVCHLRPNAALPNATVSGRVTMTQRTGPVYIELDVQGFGQSSGPSLHGFHVHETAVTGGDCATAGGHFNPHGTTHGGPTDDVRHVGDLGNLEVPANGKLSSYILVDHLVSFTGINNIIGRSIVVHAGADDLGGGGDAGSLANGNAGGRLACCTISMAGGRGRRRRRGAAALEHHHHHH*
A47: 0_GHOU01027309.1.p1 | B47: ESM-MSA | C47: Y | D47: Y | E47: Y | F47: N | G47: ATGAAGGAACAGGATTATGGCTCGGGTGTTTGCATCCTGCAGAATAACAGCTCAGTCCAAGGCGTCTGCCGTCTGTATCAGGCAAATGATAATGAATGTTACTTCAGCGGTTCATTTAATGGATTAGAAAATAACACCCAATACAAGCTGTGTATTCACGAATTTGGGGACCTGTCAAACGGCCCGGAATCTTGCGGTGACATATACCATGCCAATAAATCGGATGAAAGCGGAGATCTGGGTATTATCAAAAGCAATGAAGAAGGTCAGTGTAAAATTGACACATGGAATTCGAACATCAAGTTATGGAATGTAATCGGGCGCTCCATGGTTCTGCATTCTATAAAATCCAATAACCGTATCTTGTGCGGGATTATCGCGCGTTCTTCGGGAGTGGCAAAGAATGATAAAGTTATATGCGCCTGTGATGGATTAACTGTGTGGGAAGAGAAAGACCGTAATGAGATTATTTTTGCTAAATTAGCGGCCGCACTCGAGCACCACCACCACCACCACTGA | H47: MKEQDYGSGVCILQNNSSVQGVCRLYQANDNECYFSGSFNGLENNTQYKLCIHEFGDLSNGPESCGDIYHANKSDESGDLGIIKSNEEGQCKIDTWNSNIKLWNVIGRSMVLHSIKSNNRILCGIIARSSGVAKNDKVICACDGLTVWEEKDRNEIIFAKLAAALEHHHHHH*
A48: 0_GIFI01172735.1.p1 | B48: ESM-MSA | C48: Y | D48: Y | E48: Y | F48: Y | G48: ATGAGCGAAGCGGTTTGCGTACTCAAAGGCGAAAAAGTACAAGGTACTCTGCGTTTTACAGCTGCTGCTGACGGGAAAACCAAAGTAACTGGCGAAGTGACAGGTTTAACAGAGGGCAAGCATGGATTTCACATACATGAATTTGGCGACTATAGTAACGGCTGTGTGAGTGCAGGTGGTCACTTCAATCCAGCCGGCAAAGAGCATGGTGGGCCGGAGGATGAGAACCGCCACGCAGGTGATCTGGGAAATATTGAAGCTGGAGCGGATGGGAAAGCGGTCGTTGATATTACGGATAAACAGATTCCTCTGACTGGGGCAAATAGTATTATCGGCCGGTCAGTGGTGGTACACGCAGATCCCGATGATTTGGGTAAAGGCGGTTTTCCGGATTCCAAGACGACGGGGCACGCAGGCGGCCGATTAGCGTGTGGCGTAATTGGTTTTGCGAAACCGGCGGCCGCACTCGAGCACCACCACCACCACCACTGA | H48: MSEAVCVLKGEKVQGTLRFTAAADGKTKVTGEVTGLTEGKHGFHIHEFGDYSNGCVSAGGHFNPAGKEHGGPEDENRHAGDLGNIEAGADGKAVVDITDKQIPLTGANSIIGRSVVVHADPDDLGKGGFPDSKTTGHAGGRLACGVIGFAKPAAALEHHHHHH*
... A53: 0_Q8V9Y1 | B53: ESM-MSA | C53: Y | D53: Y | E53: Y | F53: Y | G53: ATGAAAGGCGTTTGTGTGATTTCAGGTGATGTTTCTGGTATTCTGGAATTTATACAGGACAAACCGGATAGTCCGGTTCATATCACAGGCTATTTAAACAACCTTCCTAAGGGCAATCATGGGATCCATATTCACGAATTTGGCGACACTTCAAATGGGTGCACTAGCGCGGGTGAACACTTTAACCCGTTTCACAAAGAACACGGCGGACCGCATTCAGCGGAACGTCACTTAGGAGACTTAGGTAATGTTTATTCAAAGGGTGAAAATGCGGTTACCCGCGTTGATATCGTAGACAACATGATCTCACTGTATGGTCCTTATAATATATTAGGTAGATCACTTGTTGTGCATACTATGAAGGACGATTATGGCCTGGGTGACAATGAACTGAGCAAGACCACAGGTAATAGTGGCGGCCGCCTGGGATGTGGTATTATTGGGGTAAAACATGAACCAGTAGTAACGTTTGCGGCCGCACTCGAGCACCACCACCACCACCACTGA | H53: MKGVCVISGDVSGILEFIQDKPDSPVHITGYLNNLPKGNHGIHIHEFGDTSNGCTSAGEHFNPFHKEHGGPHSAERHLGDLGNVYSKGENAVTRVDIVDNMISLYGPYNILGRSLVVHTMKDDYGLGDNELSKTTGNSGGRLGCGIIGVKHEPVVTFAAALEHHHHHH*
A54: A0A183WV85 | B54: test | C54: Y | D54: Y | E54: Y | F54: Y | G54: ATGAAAGCCGTGTGCGTGATGACGGGCACCGCGGGCGTAAAAGGTGTAGTTAGATTCTCTCAAGATACTCCCGACGCCCCGGTCAGCATTCACGCTGAATTTAGCGGGCTGAAGCCGGGCAAACACGGTTTCCATGTCCATGAATTTGGCGACACCACCAACGGATGTACTTCAGCAGGTGCCCATTTTAATCCGACGAATCAGGAGCATGGTGCTCCCGGCGATGCAATACGCCATGTTGGGGACCTTGGTAACGTTACCGCGGATAATAACGGGAACGCGGTCTATGACGCTACCGACAAACTGCTGAGTTTAAACGGCGCGCATAGTATTATTGGACGAACAATGGTGGTTCATGAAAATGAAGATGATTTAGGACGAGGGGGACATGAGTTGAGCAAAGTTACGGGAAATGCGGGTGGTCGTGTAGCGTGCGGTGTCATTGGCGTAGCACAGGCGGCCGCACTCGAGCACCACCACCACCACCACTGA | H54: MKAVCVMTGTAGVKGVVRFSQDTPDAPVSIHAEFSGLKPGKHGFHVHEFGDTTNGCTSAGAHFNPTNQEHGAPGDAIRHVGDLGNVTADNNGNAVYDATDKLLSLNGAHSIIGRTMVVHENEDDLGRGGHELSKVTGNAGGRVACGVIGVAQAAALEHHHHHH* | J54: =COUNTIF(C54:C66,"Y") -> 11 | K54: =COUNTIF(D54:D66,"Y") -> 11 | L54: =COUNTIF(E54:E66,"Y") -> 11 | M54: =COUNTIF(F54:F66,"Y") -> 8
A55: A0A6G0X6Z6 | B55: test | C55: Y | D55: Y | E55: Y | F55: N | G55: ATGGCTAAAGCTGTTGTAACGCTGTATGGAAATGAAGGTCAGGTCTTTGGATCATTAGTTCTGTCCCAGGCCAACGAAGATGCGAAAACAATCATCGCAGGGTCACTGAAAGGCCTGTCTGCTGGTAAACATGCGATACATATCAATGTATTTGGTGACGTAACAAACGGGGGTGCAAGCACAGGTGGCGTCTTTAACCCATTTGGCAAAAGTCATGGCGCCCCGGATGATGAAGAACGCCGTGTCGGGAGCCTGGGCAACATACAGGTCGACGATGAAGGTAATGCAAAAGTCAATATCGAGGACCCTTTGTTGAAGCTGATTGGCCCTCACTCAGTAATCGGTCGCTCACTGGTCATTCATGAAAACGAGGATGACCTTGGAAAAGGCGGTCACGAATTGTCCCTGCAAAATGGTAATGCCGGTCCGATAAAGGCCTTTGGTGTTATAGGCATTTCTGCTGCGGCCGCACTCGAGCACCACCACCACCACCACTGA | H55: MAKAVVTLYGNEGQVFGSLVLSQANEDAKTIIAGSLKGLSAGKHAIHINVFGDVTNGGASTGGVFNPFGKSHGAPDDEERRVGSLGNIQVDDEGNAKVNIEDPLLKLIGPHSVIGRSLVIHENEDDLGKGGHELSLQNGNAGPIKAFGVIGISAAAALEHHHHHH*
A56: GBHM01036608.1.p1 | B56: test | C56: Y | D56: Y | E56: Y | F56: Y | G56: ATGGTTAAAGCCGTGGCAGTCCTGCGGGGCGACTCAAATATCAAAGGAACGGTTACATTTGAGCAAGCTGATGAAAATTCTCCAACTACCATTAGCTGGAATATTACAGGTCATGATGCGAACGCTGAACGTGGAATGCACGTACACCAGTTCGGCGATAACACAAACGGTTGCACCTCTGCGGGTCCTCATTTCAATCCTTTCGGAAAAACACACGGCGCGCCGGCCGATGAAGAGCGGCATGTAGGTGATCTCGGAAATTTTAAAACAGATGGTCAGGGAAACGCAGTGGGGAGTGTACAAGATAAACTCATTAAACTGATTGGCGCAGAAAGTGTTCTCGGTCGGACCATCGTTGTACATGCGGGGACTGATGACCTGGGCCGAGGCGGGAACGAGGAATCAAAAAAAACTGGCAACGCGGGACCACGTCCCGCATGCGGCGTTATTGGTATTTCTGCCGCGGCCGCACTCGAGCACCACCACCACCACCACTGA | H56: MVKAVAVLRGDSNIKGTVTFEQADENSPTTISWNITGHDANAERGMHVHQFGDNTNGCTSAGPHFNPFGKTHGAPADEERHVGDLGNFKTDGQGNAVGSVQDKLIKLIGAESVLGRTIVVHAGTDDLGRGGNEESKKTGNAGPRPACGVIGISAAAALEHHHHHH*
A57: GCXW01033852.1.p1 | B57: test | C57: Y | D57: Y | E57: Y | F57: N | G57: ATGGCGCCGAAGTGCAGCAAAGCCGTATGCGTATTACAAGGAGAGAAAGTGAAGGGAATAGTTTATTTTCTGCAACCCCAGAGCGGAGCTCCAGTGAAAGTAACAGGGAAATTGACTGGGTTAGCGCCGGGCTCGCACGGGTTTCATATCCATCAGTTCGGCGACAATACAAATGGGTGCTTGTCGGCCGGCGATCATTATAATCCCGAAAATAAAGAACATGGAGGGGTTACGGATAAAGAACGACATGTAGGTGACCTCGGAAATGTAATTGCCGATAGTAAAGGTGAGGTTAATGTTTCGATAGTAGACAAACTTATATCCTTAGATGGACCGCAGTCTATTCTGGGTCGGACAGTTATTGTTCATGAAGGGGAAGATGACTTAGGTCGGGGAGGGCATGCATTAAGTAAATCAACGGGAAATGCAGGAGCCCGGCTGGCCTGCGGCGTAATTGGCGTTGCAGATTCTATGGTTCTTGCGGCCGCACTCGAGCACCACCACCACCACCACTGA | H57: MAPKCSKAVCVLQGEKVKGIVYFLQPQSGAPVKVTGKLTGLAPGSHGFHIHQFGDNTNGCLSAGDHYNPENKEHGGVTDKERHVGDLGNVIADSKGEVNVSIVDKLISLDGPQSILGRTVIVHEGEDDLGRGGHALSKSTGNAGARLACGVIGVADSMVLAAALEHHHHHH*
A58: GEWA01016637.1.p1 | B58: test | C58: Y | D58: Y | E58: Y | F58: Y | G58: ATGAGCTGGGGTGTATGCGTCTTATCATCACCAAAAGGTGTTAAGGGTACCGTTCGCTTTTTTGACAGCGGCAAAGAAACATTAATCTTTGGTGAGGTAACCGGTTTGGCCCCAGGCGAGCATGGGTTTCATATACATGAATGGGGTGATCAGACATCGGGCTGCATGAGTTCGGGCGGTCATTTTAATCCGCATAAAAAAAATCACGGCGCCCCGACCGATGAGGAACGCCATCTTGGCGACCTGGGTAATTTGTTAGCGACGGCGCAGGGTGGGTGTGTTCTGTCTCTCCTGGACCAATTGATTCATCTCGATGGGCCGTATTCTGTTGTAGGGAGAACGGTTGTTATACATGCTGGAAAAGATGACCTGGGCCGCGGGGGTCATAAAGATTCACTGAAAACGGGTAATGCAGGTGGCCGGATAGCATGCGGAATAATAGGAACTACTGCCCCGCCCGAAAATGCGGATGCCTTACTGAGAGATGCTCGCAGTCGTGCGAGACCGTCTCGCCTTGCGGCCGCACTCGAGCACCACCACCACCACCACTGA | H58: MSWGVCVLSSPKGVKGTVRFFDSGKETLIFGEVTGLAPGEHGFHIHEWGDQTSGCMSSGGHFNPHKKNHGAPTDEERHLGDLGNLLATAQGGCVLSLLDQLIHLDGPYSVVGRTVVIHAGKDDLGRGGHKDSLKTGNAGGRIACGIIGTTAPPENADALLRDARSRARPSRLAAALEHHHHHH*
A59: GFHQ01010002.1.p1 | B59: test | C59: Y | D59: Y | E59: Y | F59: Y | G59: ATGGCAGCTGGAGGCGGGAATCTGAAAGGAGTAGCTCTTATCGCAGGTGGTGATAGCAATAGCACTGTGAGAGGATCTCTGCACTTCATTCACGATACGGCGACTGGCCACACTCAAGTCAGAGGAAAAATTACCGGTCTGTTTCCCGGCCTGCATGGATTCCATATTCACTCCTTTGGAGACACTACTAACGGGTGTAATAGCACCGGTCCCCATTTTAACCCACAGAACAAACTGCATGGAGCACCGAATGATGAGGAGCGCCATGCGGGTGACTTAGGTAACATTGTTGCGAACCAGGATGGTATCGCTGACGTTTGCCTGAAAGATTTACAAATTCCGCTGAGTGGACCAAACAGCATTTTAGGGCGCGCTGTAGTCGTCCATGCCGATCCAGATGACCTGGGCCGTGGTGGCCATGAGCTCAGCAAGTCAACAGGCAATGCTGGCGCTCGCATTGGTTGCGGCATCATTGGTTTACAGTCTGCAGTCGCGGCCGCACTCGAGCACCACCACCACCACCACTGA | H59: MAAGGGNLKGVALIAGGDSNSTVRGSLHFIHDTATGHTQVRGKITGLFPGLHGFHIHSFGDTTNGCNSTGPHFNPQNKLHGAPNDEERHAGDLGNIVANQDGIADVCLKDLQIPLSGPNSILGRAVVVHADPDDLGRGGHELSKSTGNAGARIGCGIIGLQSAVAAALEHHHHHH*
A60: GFIR01044819.1.p1 | B60: test | C60: Y | D60: Y | E60: Y | F60: Y | G60: ATGGTTCTGAAGGCAGTTTGCGTTCTGAAAGGGTCCGGTGAAGTCAATGGAACAGTATTTTTCGAACAGGAAGGTGACGATGGGCCGGTTAAACTGACCGGTGAGATATCCGGCTTAACTCCGGGGGAACATGGCTTCCATGTTCATGCGTTTGGTGATAATACCAATGGGTGCATTAGCGCTGGCCCGCATTTTAATCCCCACAATCATACGCATGGTGGTCCTACAGACGATGTGCGTCATGTTGGTGATTTAGGAAACGTTACAGCTGGGCAGGATAAAGTTGCGAAAATCTCAATTCAGGATAAACAACTTAAATTAACCGGGATACACTCTATAATAGGCCGTACAATGGTTATCCATGAAAAAGCGGACGATCTGGGGAAAGGTGGTAATGATGAATCACTGAAAACCGGTAACGCCGGGAGCCGTCTGGCATGTGGAGTGATTGGTATTACCCAGGCGGCCGCACTCGAGCACCACCACCACCACCACTGA | H60: MVLKAVCVLKGSGEVNGTVFFEQEGDDGPVKLTGEISGLTPGEHGFHVHAFGDNTNGCISAGPHFNPHNHTHGGPTDDVRHVGDLGNVTAGQDKVAKISIQDKQLKLTGIHSIIGRTMVIHEKADDLGKGGNDESLKTGNAGSRLACGVIGITQAAALEHHHHHH*
A61: GFTI01029594.1.p1 | B61: test | C61: Y | D61: Y | E61: Y | F61: Y | G61: ATGGCGAAATCTTCCGTAACCTTTTCTAGTGAGGACGACAAAATCACCGGTTCAATCCTGCTGGAACAATCCTCCGAAAGTACCCCAACGATAATCAAGGGGGAGGTTGAAGGTTTAACACCGGGGAAACACGCCATTGCTGTGCTGGTGTTCGGCGATCTGAGCAATCCCCCAACTACGCTTGGAGGCCATTTTAATCCCCATGGCAAAAACCATGGCGCCACCACGGCAGATGAACGCCATGTCGGGAGTTTAGGAAATATTGAAGCTGATGCAAGCGGGAAGGCAGTCATTGAGATAGAGGATAAATTAGTGAAATTAATCGGTCCGCAATCAATTATAGGTCGTAGTATTGCAATAATGGCTCAGGAAGATGATTTAGGCCTGGGGGGTCATGAACAGAGTTTGTTTAACGGGAATGCAGGGCCGGCAGTGGCGTACGGAGTTGTAGGCATCAAAATGGCGGCCGCACTCGAGCACCACCACCACCACCACTGA | H61: MAKSSVTFSSEDDKITGSILLEQSSESTPTIIKGEVEGLTPGKHAIAVLVFGDLSNPPTTLGGHFNPHGKNHGATTADERHVGSLGNIEADASGKAVIEIEDKLVKLIGPQSIIGRSIAIMAQEDDLGLGGHEQSLFNGNAGPAVAYGVVGIKMAAALEHHHHHH*
A62: GHGM01199072.1.p1 | B62: test | C62: Y | D62: Y | E62: Y | F62: N | G62: ATGTCGAGTGGGTCAGTTTTAGGCGTAGCCCGCTTTGTACAGGTTTCCGAAGATGTGTGTATTATCGATGGCGCAGTTGACGGTTTGACCCCGGGCCTGCACGGTTTGAACATTCACGAACTGGGCGATTTGAGCCAAGGCTGTTTCTCCACCGGTGACCATTACAATCCGGGCAACAGCCGGCACGGTGCACCAGAAGACAATGAGCGGCACGTCGGTGATCTGGGTAATATTTTGGCGGATAATAATGGTCGTGCGCACTTCCGCATGGAGGATAGAAATGTGAAAGTATGGGACGTCATCGGACGGAGCCTGGTAGTTCATAGCCGCGAAGATGACTTAGGCAGAGGTTCCAACGTCCTGTCACAGATCAATGGCAATTCTGGCCCGGGCTTAACCTGTGGTATTATAGCCCGCAGTGCAGGCCTGTTTCAGAATTCGAAGAAGTTTTGTGCCTGCGACGGTAAAATTTTATGGGAGGACAAACCTCTTTACGTTCCGACACGCTCTCCCCCTTCGCAACTCGCGGCCGCACTCGAGCACCACCACCACCACCACTGA | H62: MSSGSVLGVARFVQVSEDVCIIDGAVDGLTPGLHGLNIHELGDLSQGCFSTGDHYNPGNSRHGAPEDNERHVGDLGNILADNNGRAHFRMEDRNVKVWDVIGRSLVVHSREDDLGRGSNVLSQINGNSGPGLTCGIIARSAGLFQNSKKFCACDGKILWEDKPLYVPTRSPPSQLAAALEHHHHHH*
A63: GHZH01034904.1.p1 | B63: test | C63: N | D63: N | E63: N | F63: N | G63: ATGAAACACTGTCGGTACATGACTGTGACAGTTAGCGGTCAGGTACAACTGCATCAAGCGTCCAAGGACGTCCCAGTGCAAATGACGGTGAGCGTGCAGGGCTTAACACCCCCCGGGTTACACGGTTTCCATCTGCACCGCGATGGGAAAACCGATGATGATTGTAAGGCCGCAGGGCCTCATTTCAATCCCTTTAATCATACACATGGTGGACCCGAAGACGAAATTCGCCACGCAGGTGATTTTGGTAACATTCTGGCGGACGAATACGGGAACGCATCTGTGGTGATTCCGGGCACCCAAATTAGCTTATGTCCCGATTCAGTTGGATATGCAGTGGGGCATGCCTTTGTCGTTCACGCCGGTACCGACGATTTGGGACGTGGTGGTAACGAAGAAAGTCTTAAAACGGGCAACGCTGGCGGCCGATTAGCCTGTTGTGTGGTAGAAGCAGTGAACAATGCGGCCGCACTCGAGCACCACCACCACCACCACTGA | H63: MKHCRYMTVTVSGQVQLHQASKDVPVQMTVSVQGLTPPGLHGFHLHRDGKTDDDCKAAGPHFNPFNHTHGGPEDEIRHAGDFGNILADEYGNASVVIPGTQISLCPDSVGYAVGHAFVVHAGTDDLGRGGNEESLKTGNAGGRLACCVVEAVNNAAALEHHHHHH*
A64: GIGU01072745.1.p1 | B64: test | C64: Y | D64: Y | E64: Y | F64: Y | G64: ATGGTTGCAAAAGCCGTATGCGTGATTAATGGTGATGCGAAGGGAACCGTTTACTTTGAACAGGAAAAAGAGGGAGCCCCTGTTAAAGTCACAGGGGAGGTTACTGGTCTGGCGAAGGGGTTGCATGGGTTTCATGTGCACGAATTCGGAGATAATACGAATGGTTGCACCTCAGCAGGCCCGCATTTTAACCCCCTCAGTAAGGAACACGGAGCGCCGACAGATGCTAATCGGCATGTTGGCGACCTGGGTAATATAGAGGCCTCCGGCAGTGGTGCGACGAGTGTTAATATTTCTGACGCTCAGATATCTCTCTTCGGTGCGAATAGTATTGTGGGCCGGACCGTAGTAGTTCACGCAGACCCAGACGATCTCGGCAAAGGTGGTCATGAATTGTCAAAGTCAACGGGAAACGCGGGTGCCCGTATTGGGTGCGGCGTCATTGGAATTTGTAAAGCGGCGGCCGCACTCGAGCACCACCACCACCACCACTGA | H64: MVAKAVCVINGDAKGTVYFEQEKEGAPVKVTGEVTGLAKGLHGFHVHEFGDNTNGCTSAGPHFNPLSKEHGAPTDANRHVGDLGNIEASGSGATSVNISDAQISLFGANSIVGRTVVVHADPDDLGKGGHELSKSTGNAGARIGCGVIGICKAAAALEHHHHHH*
A65: GIZK01007861.1.p1 | B65: test | C65: Y | D65: Y | E65: Y | F65: Y | G65: ATGTTTCATCACGCCTTTTACTATCGCAATTGCATTAGTGTTATAGATAATGACGAAGTTAAGGGTATCATTACCCTGCGTCAAAAGAACAGTGATGAAGTTATTGAGATTAACGGAGATCTTAAATTTAAAAACAGCAAAAATACAGACCATGGCCTGCACGTGTATGAAAACGGTAATACAACGGACGGGTGTTCCCACTTGGGTGAAATACTGTTTCACCACCATACAGTTACTCCAACTAAACCTTTCTTTGGGAATCTCGGAAATATAAAAGTTGACGAAAATGGTCAATCGAAATTTTCAATAAAATGTGGAAGTTTAAACCTGTATGGTGCTCCGTCTATTCTTGGTAAGGGTCTCGCAATCCACAAACAGGCTGATGGGGCGGAGAATGTTAATTTGGCAGAAGTGTCGCGTCGGCCTAAACTGGCGTGTGGTGTTATCGGGATCGATGAATTTGAAAAAATAGAACCGAAGAATACCTATTTTAAGCTGGAGCCCAATCGCGCGGCCGCACTCGAGCACCACCACCACCACCACTGA | H65: MFHHAFYYRNCISVIDNDEVKGIITLRQKNSDEVIEINGDLKFKNSKNTDHGLHVYENGNTTDGCSHLGEILFHHHTVTPTKPFFGNLGNIKVDENGQSKFSIKCGSLNLYGAPSILGKGLAIHKQADGAENVNLAEVSRRPKLACGVIGIDEFEKIEPKNTYFKLEPNRAAALEHHHHHH*
A66: GJHT01042157.1.p1 | B66: test | C66: N | D66: N | E66: N | F66: N | G66: ATGGATAACTCAAACTTGGTCTGTGGCGCGGAATTCCTCGTGTCAGCTGCTGTCTCCGAATTCAAGGGCCCCGTTATTTTTGGGGTTGTGCGTTTAGCGCAGGTCAACATGGAGTTGGCACGGGTGGAAGCCAACTTCTCAGGATTGCCGCCTGGTAAACATGGCTGGAGTATTAACCAGTTCGGGGACCTGACGAAAGGGGCGGCCTCTACAGGTAAGGTTTTTAATCCTAGCAATAATGGCGAAGAACCTCTGGGGGACCTCGGTACACTTGATGTAGATGAGAAAGGGGAGGCCTTTTACAGCGGTGCGAAAGAGAAATTACGGGTATATGATCTGATCGGCCGGAGTATTGCCGTGTACGGAACGGAAAATAAGAGCGATGAAGGTATTGCAGCTGCAGTTATTGCCCGATCCGCTGGTGTAGGTGAAAATTACAAAAAGCTGTGTACATGCGATGGCACCACCATTTGGGAAGCGACCAACGCCGATTTTGTAAATAGTAAAGTAGCGGCCGCACTCGAGCACCACCACCACCACCACTGA | H66: MDNSNLVCGAEFLVSAAVSEFKGPVIFGVVRLAQVNMELARVEANFSGLPPGKHGWSINQFGDLTKGAASTGKVFNPSNNGEEPLGDLGTLDVDEKGEAFYSGAKEKLRVYDLIGRSIAVYGTENKSDEGIAAAVIARSAGVGENYKKLCTCDGTTIWEATNADFVNSKVAAALEHHHHHH*
A67: N16_0.616 | B67: ASR | C67: Y | D67: Y | E67: Y | F67: Y | G67: ATGTCAGTTAAAGCGGTGTGCGTCCTTCGGGGTGATAAAGTCTCGGGAACTATTTATTTTACACAGGAGGGCGATGGCGGGCCTGTGACTGTGACGGGAGAAATTACCGGGCTTACGCCTGGTCAACACGGATTCCATATCCACGAATTCGGGGATAATACCAACGGCTGCACAAGTGCAGGGCCACATTTTAATCCGTCTAATAAAACTCATGGCGGTCCCACCGATGAGGTGAGACATGTGGGAGATTTAGGTAACGTAGAAGCAGATGACAATGGAGTCGCGTCCGTCAACATCACAGACTCTATTATTTCACTGTCCGGTCCGCATTCCATTATTGGCCGCACCCTTGTTGTACACGAAGGCGTTGATGACTTAGGAAAAGGGGGTCACGAGCTTTCAAGCACGACTGGTAATGCAGGCGGTCGTGCCGCGTGCGGAGTTATAGGCATTGCAAAGCCCCAGCTGGCGGCCGCACTCGAGCACCACCACCACCACCACTGA | H67: MSVKAVCVLRGDKVSGTIYFTQEGDGGPVTVTGEITGLTPGQHGFHIHEFGDNTNGCTSAGPHFNPSNKTHGGPTDEVRHVGDLGNVEADDNGVASVNITDSIISLSGPHSIIGRTLVVHEGVDDLGKGGHELSSTTGNAGGRAACGVIGIAKPQLAAALEHHHHHH* | J67: =COUNTIF(C67:C84,"Y") -> 18 | K67: =COUNTIF(D67:D84,"Y") -> 18 | L67: =COUNTIF(E67:E84,"Y") -> 18 | M67: =COUNTIF(F67:F84,"Y") -> 17
A68: N217_0.991 | B68: ASR | C68: Y | D68: Y | E68: Y | F68: Y | G68: ATGGTGAAAGCAGTGTGCGTCCTTAAGGGCGATGAGGGTGTTACAGGGGTTGTGACCTTCGAGCAAGAAGATGCTAATAGTCCCACAACCATTTCCGCGGAGTTCCACGGCTTGTCATCTGGAAAACATGGATTCCACATCCATGAATTCGGGGATAATACCAACGGTTGCATTTCAGCCGGAGGGCATTTCAATCCATTTGGGGTGAACCATGGCGATCGTACCGCCAGCGTGCGCCATGTGGGCGACATGGGGAACGTGGTGTCTGCCGGTACGGATAAAGTAACAAAAGTTGAATTAGAAGATCGACTGATCACGTTATTTGGGCCGACTAGTGTTATTGGCCGTACAGTCGTGGTGCACGGGGGAGAGGATGATTTGGGACTTGGAGGGAATGCTGGCTCCCTGGCCAATGGTAATGCTGGTTCTCGCGCCGCATGTGGTGTTATTGGGATCACCAACGCGGCCGCACTCGAGCACCACCACCACCACCACTGA | H68: MVKAVCVLKGDEGVTGVVTFEQEDANSPTTISAEFHGLSSGKHGFHIHEFGDNTNGCISAGGHFNPFGVNHGDRTASVRHVGDMGNVVSAGTDKVTKVELEDRLITLFGPTSVIGRTVVVHGGEDDLGLGGNAGSLANGNAGSRAACGVIGITNAAALEHHHHHH*
A69: N231_0.973 | B69: ASR | C69: Y | D69: Y | E69: Y | F69: Y | G69: ATGACCGTCAAGGCCGTGGCCGTGCTGAAAGGAAATTCCGATGGGGTATCCGGCACAGTTACGTTCACCCAGGAAGGCGATGGGCCAACGACCGTGACCGGAAAAATCACCGGGCTCAAACCTGGTCCCCATGGATTTCACGTTCACGAATTTGGCGATACCACTAATGGTTGCATGTCGACCGGACCCCACTTTAACCCAACGGGGAAGACGCATGGTGCCCCAGAAGATGAAGAACGCCATGTTGGGGATCTGGGTAACGTGATCGCCGGCGCTGATGGCGTGGCCGAAGTCAAAATTACCGATTCACAGATTCCGCTGACTGGCCCGCATTCGATTATTGGGAGAGCAGTGGTGGTTCATGCTGATGAAGACGATCTGGGTAAGGGAGGCCATGAGTTAAGCAAAACTACCGGCAATGCCGGAGGGCGCTTGGCGTGTGGAGTGATTGGTTTACAAGGCGCGGCCGCACTCGAGCACCACCACCACCACCACTGA | H69: MTVKAVAVLKGNSDGVSGTVTFTQEGDGPTTVTGKITGLKPGPHGFHVHEFGDTTNGCMSTGPHFNPTGKTHGAPEDEERHVGDLGNVIAGADGVAEVKITDSQIPLTGPHSIIGRAVVVHADEDDLGKGGHELSKTTGNAGGRLACGVIGLQGAAALEHHHHHH*
A70: N249_0.933 | B70: ASR | C70: Y | D70: Y | E70: Y | F70: Y | G70: ATGATGGCAGCAGCAGGTGGAACGGTTAAGGCGGTGGCGATAATAACGGGGGACAACAATGTCCGGGGTTCCCTGCAGTTTGTACAAGACGCGAATGGGGTTACACATGTACGCGGCCGGATTACCGGATTATCCCCGGGGTTACATGGGTTCCATATCCACGCCCTCGGCGATACTACCAATGGGTGCAATTCTACCGGGCCGCACTTTAATCCGCTGAAAAAAGACCACGGGGCTCCAAGCGACGAAGAACGCCATGCTGGTGACTTAGGCAATATAGTTGCCGGGCCAGATGGAGTTGCAGAAGTTTCTATCAAAGATATGCAAATTCCGCTGAGCGGCCAGCATTCGATCCTCGGTCGCGCTGTTGTCGTTCATGCCGACCCGGATGACTTGGGCCGGGGCGGGCACGAACTTTCTAAAACCACTGGCAACGCAGGGGCACGTGTCGGATGCGGCATTATTGGACTGCAGTCATCAGTGGCGGCCGCACTCGAGCACCACCACCACCACCACTGA | H70: MMAAAGGTVKAVAIITGDNNVRGSLQFVQDANGVTHVRGRITGLSPGLHGFHIHALGDTTNGCNSTGPHFNPLKKDHGAPSDEERHAGDLGNIVAGPDGVAEVSIKDMQIPLSGQHSILGRAVVVHADPDDLGRGGHELSKTTGNAGARVGCGIIGLQSSVAAALEHHHHHH*
A71: N33_0.895 | B71: ASR | C71: Y | D71: Y | E71: Y | F71: Y | G71: ATGAGCAAAAAAGCAGTATGCGTGTTGAAAGGCGAGAAGGTTAATGGCGTTGTTAAGTTCACACAAGAAAACAAAGACAGTCCCGTTACCGTTGAATATGATATTAACGGTCTGGAGAAAGGTGAACATGGTTTTCATGTCCATGCCTTTGGTGACACCACCAACGGCTGTGTCAGCGCCGGACCGCACTTTAATCCTTTCAATAAAACACATGGTAGCCCTTCCGATGAAGACCGCCACGTTGGCGACCTTGGTAATATAGTCGCTACAGGCGAGGGCGTCACGAAGGGCACGATCACCGATAAAGTAATTAGTCTGTTTGGTGAACATAGCATCATCGGAAGAACGATGGTGGTTCATGCCGACGAAGACGATCTGGGGAAAGGAGGCAATGAAGATAGCCTGACGACAGGTAATGCTGGTGCTCGACTGGCGTGCGGAGTTATTGGAGTCGCACAGGCGGCCGCACTCGAGCACCACCACCACCACCACTGA | H71: MSKKAVCVLKGEKVNGVVKFTQENKDSPVTVEYDINGLEKGEHGFHVHAFGDTTNGCVSAGPHFNPFNKTHGSPSDEDRHVGDLGNIVATGEGVTKGTITDKVISLFGEHSIIGRTMVVHADEDDLGKGGNEDSLTTGNAGARLACGVIGVAQAAALEHHHHHH*
A72: N358_0.957 | B72: ASR | C72: Y | D72: Y | E72: Y | F72: Y | G72: ATGGTTAAGGCGGTAGCAGTCCTGGCCGGCTCTGAAGGTGTCAAAGGCACCATATTTTTTACACAGGAAGGCGATGGTCCGACTACTGTGACTGGTTCTATTTCTGGCCTGAAACCAGGTCTGCATGGCTTTCACGTTCACGCCCTGGGTGATACCACAAATGGGTGTATGAGCACCGGCCCGCATTTTAACCCAGCAGGCAAAGAACACGGTGCTCCCGAGGATGAAAACAGACATGCAGGTGATTTAGGAAATGTGACTGCAGGAGAAGACGGCGTTGCCAATGTAAACATCACAGATAGTCAGATTCCGCTGGCCGGTCCCCATTCGATAATCGGCCGTGCCGTGGTTGTCCATGCAGACCCTGATGACCTCGGCAAAGGCGGCTCCAGTCACAATCTGAGCAAGTCCTTTGGTAGTATCGGTTTAATTGTCGCCTGCTCAATAGCGGCCGCACTCGAGCACCACCACCACCACCACTGA | H72: MVKAVAVLAGSEGVKGTIFFTQEGDGPTTVTGSISGLKPGLHGFHVHALGDTTNGCMSTGPHFNPAGKEHGAPEDENRHAGDLGNVTAGEDGVANVNITDSQIPLAGPHSIIGRAVVVHADPDDLGKGGSSHNLSKSFGSIGLIVACSIAAALEHHHHHH*
A73: N396_0.839 | B73: ASR | C73: Y | D73: Y | E73: Y | F73: Y | G73: ATGTCCGTCAAAGCTGTTTGCGTACTGAAAGGTGATGACGTCAAGGGAACTGTGCACTTCGAGCAGGAGGGAGATGATGGTCCGGTTAAAATCACTGGCGAGATTACAGGTTTAACTCCGGGTAAACATGGTTTCCATGTGCACGAGTTTGGCGATAACACCAATGGCTGCACCTCAGCTGGCCCGCATTTTAACCCATTTGGTAAAACACACGGCGGGCCTGAGGATGAAGAGCGTCATGTTGGGGACTTGGGTAATGTAGAAGCAGGGGCTGATGGGGTTGCTAAGGTAGACATAACTGATAAGCTGATTAGCCTCACAGGTCCTCACTCCATTATAGGGCGAACTATGGTTGTTCATGCCAAAGAAGATGATCTGGGTAAAGGCGGTAATGAGGAGTCTTTAAAGACAGGAAATGCGGGAGCCCGTCTCGCTTGCGGAGTTATTGGGATCGCCAAAGCGGCCGCACTCGAGCACCACCACCACCACCACTGA | H73: MSVKAVCVLKGDDVKGTVHFEQEGDDGPVKITGEITGLTPGKHGFHVHEFGDNTNGCTSAGPHFNPFGKTHGGPEDEERHVGDLGNVEAGADGVAKVDITDKLISLTGPHSIIGRTMVVHAKEDDLGKGGNEESLKTGNAGARLACGVIGIAKAAALEHHHHHH*
A74: N415_0.831 | B74: ASR | C74: Y | D74: Y | E74: Y | F74: Y | G74: ATGCTGGCTTCACGTGGAGTAATGGTCTCCGGAGCCGGTCAGGTTCAGGGTGTGGTCAGATTCCTTCAGGTCTCTCCGGATCGATGTTTAATCGACGGGACAATTGATGGCCTGGAGCCGGGTCTTCATGGTTTACATGTTCATGAATTTGGCGATCTGAGTCAGGGATGTCAGTCATGCGGCGACCACTATAACCCTTCAGGTAAACGTCACGGTGGCCCTCAAGACGCAGATCGTCATGTAGGCGATCTTGGTAATATTCTGGCGAGTGCAGATGGACGCGCATCCTTTCGTCTTGAAGATAATCAGCTGAAAGTGTGGGATATTATCGGCAGATCTCTGGTCGTCGATGAAGGTGAAGATGACCTGGGGCGTGGCGGTCATCCGCTGTCTAAGATAACAGGGAATAGTGGCGAAAGATTAGCGTGCGGTATAATTGCACGTAGCGCAGGATTGTTTCAGAATCCAAAGCAGATATGTGCTTGTGATGGGGTGACCTTGTGGGAGGAGCGCGACCGGCCAATAGCAGGACCAGGTCGAAAAACACCGGATCCTCCTACTGCGCATTTAGCGGCCGCACTCGAGCACCACCACCACCACCACTGA | H74: MLASRGVMVSGAGQVQGVVRFLQVSPDRCLIDGTIDGLEPGLHGLHVHEFGDLSQGCQSCGDHYNPSGKRHGGPQDADRHVGDLGNILASADGRASFRLEDNQLKVWDIIGRSLVVDEGEDDLGRGGHPLSKITGNSGERLACGIIARSAGLFQNPKQICACDGVTLWEERDRPIAGPGRKTPDPPTAHLAAALEHHHHHH*
A75: N423_0.891 | B75: ASR | C75: Y | D75: Y | E75: Y | F75: Y | G75: ATGATGGTCTCAGCGATAGCAATTATTAAAGGTCTTCCGAACGTGAATGGTACTGTCACCTTTTCACAGGAATGTGAAGGCTCCCCGGTGTATATCAACGGAACTATATCGGGACTTACACCGGGCTTACACGGTTTCCATGTCCACGAATTCGGGGACACATCAAATGGGTGCATTAGTGCAGGCGAACACTATAATCCACTGCATAGAGAACATGGCGGTCCGAACGATGTTGAAAGACATGTGGGGGATCTCGGTAATATTGAAGCATGTTCTAATGGCGTGGCCACTATTTCTATTCGCGATACCGTGATGTCACTTTTCGGCGAATTCAGCGTCCTGGGTAGAACTATCGTCGTCCATGCAAATCGCGATGATTACGGTCGAGGAGGCCAGCCTGATAGTAAGACCACTGGACACAGTGGCAAGCGTGTTGCTTGTGGTATCATTGCACGGCAAGCGGCCGCACTCGAGCACCACCACCACCACCACTGA | H75: MMVSAIAIIKGLPNVNGTVTFSQECEGSPVYINGTISGLTPGLHGFHVHEFGDTSNGCISAGEHYNPLHREHGGPNDVERHVGDLGNIEACSNGVATISIRDTVMSLFGEFSVLGRTIVVHANRDDYGRGGQPDSKTTGHSGKRVACGIIARQAAALEHHHHHH*
A76: N428_0.897 | B76: ASR | C76: Y | D76: Y | E76: Y | F76: Y | G76: ATGATGGTTGAGGCCGTGTGCGTACTTAATGGGGGAGAAGGTGCGGGTACGATTCATTTCGAACAACTGAGCGATGGTGAAGTGTTAATAACCGGCAAGATCACCGGTTTGACTCCGGGAAAACACGGCTTCCACATTCATGAGTTTGGTGATCTTACCAATGGCTGTGCATCGACGGGAGCACATTTTAATCCAAGTAAAAAGAACCATGGCGGCCCTGATGCCGCTGAACGCCATGTGGGCGACCTTGGTAATATAGAAGCAGGCGCGGATGGGGTGGCAAATGTAGATATAACCGACAAAATGATTTCATTAACAGGCCCAAATAGTATCATCGGCCGTGCGATCGTGGTGCATGCTGACGAAGATGACCTGGGTCTTGGTGGTCACCAGGATTCTCTTACAACTGGTCATGCGGGTGCTCGCTTAGCCTGTGGGGTGATTGGGATTGCCAAGGCGGCCGCACTCGAGCACCACCACCACCACCACTGA | H76: MMVEAVCVLNGGEGAGTIHFEQLSDGEVLITGKITGLTPGKHGFHIHEFGDLTNGCASTGAHFNPSKKNHGGPDAAERHVGDLGNIEAGADGVANVDITDKMISLTGPNSIIGRAIVVHADEDDLGLGGHQDSLTTGHAGARLACGVIGIAKAAALEHHHHHH*
A77: N453_0.978 | B77: ASR | C77: Y | D77: Y | E77: Y | F77: N | G77: ATGAAAGCCTTATGTGTTATATCGGGAGATGTTACTGGTGAAATAACATTTTATCAGCAGACTCCCCATCATCCAACGATCATTACCGGTTACATTCTGGGTCTTCCGCGCGGCCTCCATGGCTTTCATGTCCATGAATTTGGCGATACATCTAACGGTTGTACAAGTGCTGGCGAGCATTTCAACCCGACAGGAATGGATCATGGAGCTCCTGATGCAGCCATCCGGCATGTGGGTGACCTTGGCAATATCGAGGCTAAAGTGAGTAACGCCCTTACACCTGTGGATATTATTAATAATGCAATCACCTTGCACGGGCCTTCCAGTGTTTTAGGTCGGTCGCTGGTCGTGCATACCAATCGTGACGACCTGGGGCTGACGGATCATCCACTGAGCAAAACGACTGGTAACTCTGGCGGACGCCTCGGGTGTGGTATCATCGGGATCACTTCAAGTAACACCAATGTGACTCGCTATGATTTCATAGCGGCCGCACTCGAGCACCACCACCACCACCACTGA | H77: MKALCVISGDVTGEITFYQQTPHHPTIITGYILGLPRGLHGFHVHEFGDTSNGCTSAGEHFNPTGMDHGAPDAAIRHVGDLGNIEAKVSNALTPVDIINNAITLHGPSSVLGRSLVVHTNRDDLGLTDHPLSKTTGNSGGRLGCGIIGITSSNTNVTRYDFIAAALEHHHHHH*
A78: N459_0.862 | B78: ASR | C78: Y | D78: Y | E78: Y | F78: Y | G78: ATGAAAGCAATCTGCGTGATTAACGGTGACGTAAAAGGTATTGTGGAGTTTGTCCAGGACAAGCCTGATATGCCGGTTAAGATCACAGGTTACCTGAACAATCTTCCCCGTGGCAACCATGGCATCCATATCCATGAATATGGCGATGTGTCAAATGGTTGTACGAGCGCAGGAGAACATCTGAATCCGTTTCACAAAACACACGGGGGACCGAATGATGCCGAACGTCATCTCGGAGACCTCGGTAATGTATATTCTAATGGTAGCAATTCTGTAACCCAAGTTGATATTGTGGACAATATGATAAGCCTGTATGGGCCTTATAATATACTTGGGCGTTCGCTCGTAGTGCATGCAATGGAAGACGATTACGGACGTGGAGATAACGAGCTCTCAAAAATTACTGGAAATTCCGGTAGTCGTCTCGGCTGTGGTGTTATCGGGGTTAAATATGAAAAAACCGTTAGCTTCGCGGCCGCACTCGAGCACCACCACCACCACCACTGA | H78: MKAICVINGDVKGIVEFVQDKPDMPVKITGYLNNLPRGNHGIHIHEYGDVSNGCTSAGEHLNPFHKTHGGPNDAERHLGDLGNVYSNGSNSVTQVDIVDNMISLYGPYNILGRSLVVHAMEDDYGRGDNELSKITGNSGSRLGCGVIGVKYEKTVSFAAALEHHHHHH*
A79: N475_0.992 | B79: ASR | C79: Y | D79: Y | E79: Y | F79: Y | G79: ATGATGGCAAAAGCGGTGTGTACGCTGTACGGTAATGATGATGACGTTTACGGTAGTTTAGTACTGTCGCAGGCAAACGAAGACGCTAAGACCATTATTACTGGCGAACTGAAGGGTCTGAGCCCCGGAAAACACGCGCTCCATGTGAATGTATTTGGGGATGTGTCGAACGGTGGCGCGAGCACGGGTGGTGTGTTTAATCCGTTTGGCAAAAATCACGGCGCACCAGAAGATGAGGAACGACGCGTAGGCAGTCTCGGTAACATCACCGTAGATGAAGATGGAGTCGCTAAAGTTCATATCGAGGACAAACTTGTAAAGCTGATAGGGCCGCATTCGATTATTGGTCGGTCTCTGGTCATCCATGAGAATGAAGACGATTTAGGGAAAGGAGGACACGAATTGTCTTTACAAAACGGTAATGCCGGCGCAATCAAAGCGTTTGGAGTGATAGGTATTAGCGCCGCGGCCGCACTCGAGCACCACCACCACCACCACTGA | H79: MMAKAVCTLYGNDDDVYGSLVLSQANEDAKTIITGELKGLSPGKHALHVNVFGDVSNGGASTGGVFNPFGKNHGAPEDEERRVGSLGNITVDEDGVAKVHIEDKLVKLIGPHSIIGRSLVIHENEDDLGKGGHELSLQNGNAGAIKAFGVIGISAAAALEHHHHHH*
... A84: N8_0.721 | B84: ASR | C84: Y | D84: Y | E84: Y | F84: Y | G84: ATGAGCGTCAAAGCCGTATGTGTTTTGAAAGGAGACGATGTCAAAGGCACAATCTATTTCACGCAGGAGGGCGACTCAGTAAAGGTTACGGGGGAAATAACCGGATTGACGCCGGGAAAACATGGCTTTCATGTGCATGAGTTTGGTGATAATACGAACGGTTGTACAAGTGCGGGCCCGCACTTTAACCCGAGTAATAAAACACATGGAGCGCCGGCTGATGAAGAGCGCCATGTCGGCGATCTGGGCAACGTTGAGGCAGGAGATGATGGCAAAGCAAAAGTTAATATAACCGACAAACTGATAAGTTTAACGGGACCGCATAGCATTATAGGGCGTTCACTGGTTGTTCATGCGGACGTAGATGATTTAGGAAAAGGCGGCCACGAACTGAGTAAAACCACGGGTAATGCGGGAGGTCGTCTGGCGTGTGGTGTGATTGGTATTGCTGCTCCGCAGGCGGCCGCACTCGAGCACCACCACCACCACCACTGA | H84: MSVKAVCVLKGDDVKGTIYFTQEGDSVKVTGEITGLTPGKHGFHVHEFGDNTNGCTSAGPHFNPSNKTHGAPADEERHVGDLGNVEAGDDGKAKVNITDKLISLTGPHSIIGRSLVVHADVDDLGKGGHELSKTTGNAGGRLACGVIGIAAPQAAALEHHHHHH*

Sheet round2_MDH
A1: Name | B1: Group | C1: Expression | D1: Solubility | E1: Purification | F1: Activity (20 μg/mL) | G1: expressed sequence | H1: tagged sequence | I1: Expression | J1: Solubility | K1: Purification | L1: Activity
A2: ASR_MDH_001 | B2: ASR | C2: Y | D2: Y | E2: Y | F2: Y | G2: ATGAAGAAGATCGCAATTGTCGGTGCAGGGCGAGTTGGTGAATCAACCGCCCAGTTCCTGGCTAAGACCGACCTCGCCCGTGAAATAGTCCTGATCGATATCCGTGAGGGTGCGGCGGAGGGAGCAGCTCTGGACATCCAAGAAACGGCGCCGCTGTTCGGTTTCGATACACGTGTGACAGGAAGTACCGACCCCGCAGCGCTTGCCGGATCCGATCTTGTTATAATTACAGCTGGTCTGCCTCGTAAACCGGGCATGTCCCGTAGTGATGTGTTGGAGACTAATGTTGCGATTCTTGATGAGATCGTTGATGACATTGTTAAACATGCACCCGATTCGATGATGCTGGTCGTATCTAATCCAGTGGATGTTCTGACATATCGGGCATGGCAGCGCACCGGTTGGCCACGCTCTCGTGTATTTGGCCAGGCTGGCGTTCTGGACAGTAGCCGGATGGCGTCTTTTGTGGCAATGGAAACCGGATTGAGCGTTAAAGATATCCACGCAATGGTCTTAGGTGGCCATGGCGATTCTATGGTTCCGATGATGCGGTATACTACCATAAACGGGATTCCAGTTTCTCACTTCCTCGATCAGGAAACGATAGATAGAATTGTCGAACGGACCCGCCACGGCGGCGCCGAAATCCTCGCACTCAAACAGAACTCTAGTGCGTACGATGCCCCTGCGGCAGCGATCGCGGCGATGGTTGATGCAATCGTGCATGATCGCAGACGTATTCTTCCGACAGTGGCCATCTTAGACGGTGAGTATGGCCACTCTGATATCGCAATGGGAGTACCTTGCATTCTGGGAGAAAACGGTATGGAACGCGTTATAGAATTAGAACTGAATGATGAGGAGCGCGCCATGTTTGATCAGTCCGTCGCTGCGGTACGTAAGGATCTGGAACGTCTGAAAACCTTGGCGGCCGCACTCGAGCACCACCACCACCACCACTGA | H2: MKKIAIVGAGRVGESTAQFLAKTDLAREIVLIDIREGAAEGAALDIQETAPLFGFDTRVTGSTDPAALAGSDLVIITAGLPRKPGMSRSDVLETNVAILDEIVDDIVKHAPDSMMLVVSNPVDVLTYRAWQRTGWPRSRVFGQAGVLDSSRMASFVAMETGLSVKDIHAMVLGGHGDSMVPMMRYTTINGIPVSHFLDQETIDRIVERTRHGGAEILALKQNSSAYDAPAAAIAAMVDAIVHDRRRILPTVAILDGEYGHSDIAMGVPCILGENGMERVIELELNDEERAMFDQSVAAVRKDLERLKTLAAALEHHHHHH* | I2: =COUNTIF(C2:C19,"<>N") -> 16 | J2: =COUNTIF(D2:D19,"<>N") -> 16 | K2: =COUNTIF(E2:E19,"<>N") -> 14 | L2: =COUNTIF(F2:F19,"<>N") -> 15
A3: ASR_MDH_027 | B3: ASR | C3: Y | D3: Y | E3: Y | F3: Y | G3: ATGGCTACGACTACGCCCGTCCGCGTGGCTGTGACGGGGGCTGCAGGACAAATAGGTTATAGCATTCTGTTTCGAATTGCTTCAGGCCAAATGCTTGGTCCGGATCAGCCTGTGATCTTGCAGCTTTTAGAGATCACACCAGCGCTGGGAGCGCTTGACGGAGTACGCATGGAGTTAGACGACTGTGCTTTCCCTCTCCTGGCCGAAGTTGTCCAAACAGATGATGCCAATGTAGCTTTCGGTGACGCCGATGTGGCGCTGCTGATCGGAGCAATGCCGCGGAAAGCGGGTATGGAACGCGCTGACCTGCTGGCTGCAAATGGCGGTATTTTTAAACCTCAGGGGAAGGCCCTGAGCCGTTCAGCAAAAAAAAATGTAAAAGTACTTGTAGTTGGCAATCCGGCCAATACCAATGCGCTGATCGCTATGAACAATGCTCCGGACATCGACCCTAAACAATTTACAGCAATGACGCGTCTTGATCATAACCGAGCTGTCGCTCAGCTGGCGCAAAAACTGGGCAAACCAGTAACTGCCATTAAGAAAATGACCATATGGGGGAACCACTCTGCCACCCAGTATCCTGATCTGTTTAACTGTGAAGTTGACGGGCGCAATGCCGCTGCCCTGGTCAATGATCAGGCCTGGCTGGAAAACACGTTTATTCCCACGGTAGCCAAACGTGGCGCTGCGATCATTGAGGCCCGAGGGGCGAGTTCTGCAGCTTCCGCAGCTAACGCAGCTATTGATCATATTCGGAATTGGGCCCAGGGCACACCCGAAGGCGACTGGGTTTCAATGGCTGTTCCTTCTGACGGTTCATATGGCGTTCCGGAAGGTCTCATCTCGTCATTTCCGTGCACGTGTGCAAATGGGGAATATAGTATTGTCCAAGGCCTGCCTATCAATGATTTCAGTAGAAAAAAGATTGATGCCAGCGTGGCAGAGCTGGTCGAGGAACGTGATGCGGTTCGTGAACTGGGACTGATTGCGGCCGCACTCGAGCACCACCACCACCACCACTGA | H3: MATTTPVRVAVTGAAGQIGYSILFRIASGQMLGPDQPVILQLLEITPALGALDGVRMELDDCAFPLLAEVVQTDDANVAFGDADVALLIGAMPRKAGMERADLLAANGGIFKPQGKALSRSAKKNVKVLVVGNPANTNALIAMNNAPDIDPKQFTAMTRLDHNRAVAQLAQKLGKPVTAIKKMTIWGNHSATQYPDLFNCEVDGRNAAALVNDQAWLENTFIPTVAKRGAAIIEARGASSAASAANAAIDHIRNWAQGTPEGDWVSMAVPSDGSYGVPEGLISSFPCTCANGEYSIVQGLPINDFSRKKIDASVAELVEERDAVRELGLIAAALEHHHHHH*
A4: ASR_MDH_275 | B4: ASR | C4: Y | D4: Y | E4: Y | F4: Y | G4: ATGTCATCAATAAATAACTCAAATAAGCCGGTGAAAATCGCGGTGACGGGTGCGGCAGGCCAAATTGGCTATAGCATTCTGTTTCGGATCCTCTCAGGGGAGATGTTGGGAAAAAACAACAAAATTTCTCTGCAATTAATAGAAATACCGAACGAGAAGTCACAGAAGAGCCTTTCGGGCGTGATGATGGAGATTGAAGATTGCGCGTTCCCATTGTTGTCGGGTATGAGTGCTCACAACGACCCGATGACAGGCTTTAAAGATGCAGATATAGCCATTCTGATTGGCGCTTCACCTCGTGGTCCGGGTATGGAACGCAAAGACCTGTTAGAGGCAAACGCCTCCATTTTTAAGATTCAAGGTAAAGCACTTAATGAGGTGGCTAATCGTAATGTAAAAGTCTTAGTGGTTGGTAACCCGGCTAACACCAATGCGTACATTGCCATGAAGTCAGCGCCTGACTTGTCTAAAGAAAATTTCACTGCCATGATGAGACTGGACCATAACCGGGCGTTAGCCCAATTGTCCAACAAAATCAATTGTAGCGTTGCCGACATCAAAAAACTGTGCGTCTGGGGTAACCACTCTCCAACCATGTATGCTGACACACGCTTTGCGACAGTTGCCGGTGCACCGTTGAACCATTTAATTAATGATGATTCCTGGATAAAAGAGGATTTTCTCCCTACAGTGGGTAAGCGCGGAAGCGCCATTATACAGGCACGCGGTCTGTCCTCAGCGGCATCTGCCGCGAATGCCGCAGTGGATCATATGCGGGATTGGATCTCGGGGACCGATGGAGATTGGGTAACTATGGGTGTCCCTTCCAAGGGGGAGTACGGCATCCCCGAGGATTTAATTTTCGGCATGCCTGTGACATGCGCGAATGGGAAATATGAAATTGTGAAAGATTTGGAGATCAATGACTTTGCTAAAGCCAAATTTAAGACAACTCTGAATGAACTGTTAGAGGAACAGAACAATATTATGAGCCTGCTTAGTGCGGCCGCACTCGAGCACCACCACCACCACCACTGA | H4: MSSINNSNKPVKIAVTGAAGQIGYSILFRILSGEMLGKNNKISLQLIEIPNEKSQKSLSGVMMEIEDCAFPLLSGMSAHNDPMTGFKDADIAILIGASPRGPGMERKDLLEANASIFKIQGKALNEVANRNVKVLVVGNPANTNAYIAMKSAPDLSKENFTAMMRLDHNRALAQLSNKINCSVADIKKLCVWGNHSPTMYADTRFATVAGAPLNHLINDDSWIKEDFLPTVGKRGSAIIQARGLSSAASAANAAVDHMRDWISGTDGDWVTMGVPSKGEYGIPEDLIFGMPVTCANGKYEIVKDLEINDFAKAKFKTTLNELLEEQNNIMSLLSAAALEHHHHHH*
A5: ASR_MDH_310 | B5: ASR | C5: Y | D5: Y | E5: N | F5: N | G5: ATGTCGTCACGTGTGAAAGTAGTGGTAACAGGCGCTGCCGGTCAGATTGCATACTCTCTTATTCCTCGTTTAGTTGATGGGCGCACATTTGGTGACAAGATCGTTGATTTATGCCTCGTGGAAATTCCGCAGGTCGTAAATAAGCTCGAAGGCCTGGTCATGGAGCTGGAAGATTCTTACTTCCCACACATGGGTGAAGTCACTTACACGGACAATTTCGAGGAAGCCTCAAAAGATGCGGATTGGTTTCTGTTGGTTGGATCAATACCGCGCGGAATTGTTTATGATGGCAAGAAAATTGAGGAACGCAGTGATCTGCTGAAAATTAATGGCGGAATATTTGTAGATCAAGGTAAAGCTATTGGGAAGTATGGTAAAGACGATGCCAAAATATTAGTGGTCGGAAATCCTGCAAACACTAACGCTCTGATCGGTAAAAACGCAGCAAATAACGAGTCCCAGCTGTGGATGGCAATGACCATGCTGGATAGCTCCCGTGCGAAAAGTGTAATTGCCAAGAAAACGGGGACCAACATTTCTGACATTAAGAATATGATCATCTGGGGCAACCATTCACCGACGATGTATCCTGATTTTGACAACGCGAAAATTAACGGTAAATCAGCAAGCTCGCTGATTGATGACAACGAATGGATTGAAAATGATTTCTTACCAACTGTTCAGCAACGCGGCAAGGCCGTAATTGATGCACGGGGAGCCAGTTCCGCTACAAGTGCGGCAAACGCCGCAATTGATACTGTTAAAGCATGTGAGAATCCAACTCCGAAAGGCGATTGCTTTTCTGCAGCTGTAGTCTCAGACGGTTCTTATGACGTGCCGGAAGGCCTTATCTTCGGTTTTCCTCTGCGGACAAACGATGGTAAAGTGGAAATCGTTCAGGACCTGGTTCTTTCCGATTTTGCGAAAGAAAAAATCCAGATTACCACAGATGAGCTGCTGTCGGAACGGGAAGCAGTTAAGGACCTGTTAACAGCGGCCGCACTCGAGCACCACCACCACCACCACTGA | H5: MSSRVKVVVTGAAGQIAYSLIPRLVDGRTFGDKIVDLCLVEIPQVVNKLEGLVMELEDSYFPHMGEVTYTDNFEEASKDADWFLLVGSIPRGIVYDGKKIEERSDLLKINGGIFVDQGKAIGKYGKDDAKILVVGNPANTNALIGKNAANNESQLWMAMTMLDSSRAKSVIAKKTGTNISDIKNMIIWGNHSPTMYPDFDNAKINGKSASSLIDDNEWIENDFLPTVQQRGKAVIDARGASSATSAANAAIDTVKACENPTPKGDCFSAAVVSDGSYDVPEGLIFGFPLRTNDGKVEIVQDLVLSDFAKEKIQITTDELLSEREAVKDLLTAAALEHHHHHH*
A6: ASR_MDH_327 | B6: ASR | C6: N | D6: N | E6: N | F6: Y | G6: ATGACGGCGCCTATTCGTGTCGCCGTTACCGGAGCCGCAGGCCAGATCGGTTACGCTCTGATTTTCAGAATTGCGTCTGGCCAGGTATTTGGTCCGGACCAACCTGTCATTCTTCACCTTATAGAAGTACCCCCGGTTCTGAGCGCTTTAGACGGCGTGCAGATGGAGCTGGATGACTGTGCATTCCCTACACTGGCCGGGGTTGTAAAGTTCGATTCTGATCACCTGGAAGACGGATTTGCGGATTGTAACTGGGTTCTGTGCGTCGGCTCAGTTCCCCGCAAACAAGGGATGGAACGCTCAGATTTAATTCGCATAAATGGTCCGATTTTTACCTCGACAGGTAAGGCAATACAGGCTGCCGCTGCCAAAGATGTGAGAGTCCTCGTCGTTGGGAACCCTTGTAATACTAACTGTCTGATCGCGATGAATAATGCCCCTGATATTCCGCGCGATCGGTGGTATGCCATGACTATGTTAGATCAGAACCGTGCTGCCTCCCAATTAGCCCAGAAGGCTGGGCAACCGGTCGCTGCGGTAAAGAATGTTGCAATCTGGGGTAATCATTCTGCTACGCAATATCCGGATTTTTATCATGCAAAAATTAATGGACAGCCAGCCACCGAAGTTATAACCGATGAAGCTTGGCTTCAAGGTGAGTTTATTAGTACCGTACAGCAGCGTGGGGCGGCAGTAATAAAGGCCAGAGGCGCGTCCAGCGCTGCTTCAGCCGCTAATGCAGCACTGGACACAGTTAAATCAATCGTGACTCCAACGGCTGCCGGCGACTGTTTTTCTGCCGCGGTGTGTAGCGACGGCTCCTATGGAGTGGACGAAGGCCTGATTAGCGGATTTCCACTCACCTCTGATGGCAAAAATTGGAAGATCGTTCAAGGCATTGAACATAATGAATTTGCAAGAGAAAAAATTGACGCTACCGTGAACGAGTTGAAATCAGAAAGAGATACAGTTAAAGATCTCCTCCCAGGTGCGGCCGCACTCGAGCACCACCACCACCACCACTGA | H6: MTAPIRVAVTGAAGQIGYALIFRIASGQVFGPDQPVILHLIEVPPVLSALDGVQMELDDCAFPTLAGVVKFDSDHLEDGFADCNWVLCVGSVPRKQGMERSDLIRINGPIFTSTGKAIQAAAAKDVRVLVVGNPCNTNCLIAMNNAPDIPRDRWYAMTMLDQNRAASQLAQKAGQPVAAVKNVAIWGNHSATQYPDFYHAKINGQPATEVITDEAWLQGEFISTVQQRGAAVIKARGASSAASAANAALDTVKSIVTPTAAGDCFSAAVCSDGSYGVDEGLISGFPLTSDGKNWKIVQGIEHNEFAREKIDATVNELKSERDTVKDLLPGAAALEHHHHHH*
A7: ASR_MDH_409 | B7: ASR | C7: Y | D7: Y | E7: Y | F7: Y | G7: ATGATTAGTATCATTGGTGCCGGACGGGTAGGTAGCGTGAGTGCATTCAACATTCTGCGCATGAGAATTGCCGACGTGACCCTGGTGGATGTCCAAGATGGTCTGGCCCAAGGTGAAGCGCTGGATCTGATCCAATCAAGTCCTGCAATCGAATTTGATGGAAAAATTAAGGGATCAACAAACATCGCGGACATCGAGGGTAGCGACTTGGTGATCGTGACAGCCGGGGTTCCTCGTAAACCGGGAATGTCCCGCTTAGAGTTACTGGAACGGAATGCGGGAATTGTATCAGGCCTCATTGACGAAATAGCACGTTATGCACCTGGCTGCAAGATTATGATGGTCACAAATCCCGTGGATGTCATGACATATATTGCGTACGTGAAATCCGGGTTTGAAAGAAACCGCGTTTTTGGAATGGGTGGCATACTTGACACCTTACGTTATAGATCCTATATCGCGTTGGAGCTGAACGTATCCCGTGAGGATATACGCGGCCTTGTGATAGGTGAACACGGCGATCATATGATCCCACTTGTTGATTACACCACGGTATCGGGGATTCCAATCCGACGGTTGTTGGATGAGGAAACGATCGATCGTATAGTCGAAAAAACACGGAGCTCTGGTTCTGATGTGATTAATTTGAAGGGTGGAACCGTGTATGCTCCTGCAGCAGTGATTGCAGTCATGGCAGAAGCTGTTCTCCGGGGGCGCAACAGAGTCATGGCAGTGAGCGTGGTGCCTGACGGTGAGTATGGTTTACGGGATCTGGCGATCGGCCTGCCCGTGGTGCTTGGCAAAAATGGAGTAGAAAAAATAATAGAACTGCCGCTGGACGATGCGACACGAAAACGGCTTGCCGAGTCCGCGAAAACGATTAAGGAGGCAATTGAAAAGCTGGGGCTGGTTCCGGCGGCGGCCGCACTCGAGCACCACCACCACCACCACTGA | H7: MISIIGAGRVGSVSAFNILRMRIADVTLVDVQDGLAQGEALDLIQSSPAIEFDGKIKGSTNIADIEGSDLVIVTAGVPRKPGMSRLELLERNAGIVSGLIDEIARYAPGCKIMMVTNPVDVMTYIAYVKSGFERNRVFGMGGILDTLRYRSYIALELNVSREDIRGLVIGEHGDHMIPLVDYTTVSGIPIRRLLDEETIDRIVEKTRSSGSDVINLKGGTVYAPAAVIAVMAEAVLRGRNRVMAVSVVPDGEYGLRDLAIGLPVVLGKNGVEKIIELPLDDATRKRLAESAKTIKEAIEKLGLVPAAAALEHHHHHH*
A8: ASR_MDH_426 | B8: ASR | C8: Y | D8: Y | E8: Y | F8: Y | G8: ATGATCACCATTATTGGCAGTGGGCGTGTAGGCGCGTCCACCGCAGCTTACCTGGCACTTAAAGAGCTGGATGATATTGTGCTTATAGACATTGTTGAAGGCTTACCACAGGGGGAAGCTCTTGACCTGAACCATATGGCGAGCATCTTGGGTTTGAACGTTAACATTAAAGGAAGCAATGATTACGAAGACATGAAAGGCTCCGATATAGTTATAGTGACCGCAGGTTTCCCTAGAAAACCAGGTATGACCCGTGAAGAGCTGTTGGAGAAAAACGCGGAAATAGTTTCTGATATTGCAGATAAAATTAAGAAGTACGCGCCGGATAGCATTGTAATACTTACTACCAACCCGCTGGATGCGATGACTTATGTCATGTACAAAAAATTAGGGTTTCCGCGCAATCGGGTTATTGGCTTTTCTGGTGTTTTAGATGCTGGCCGCTTACGTTACTACGCTGCGAAAAAACTGGGTATAAGCCCCGACTCCATTTTGGCAGTGGTACTGGGCCAGCATGGCGAGAATATGTTCCCAGTTCCGCGGCTGAGCACGGTGTATGGCAAACCACTTACCGAGTTGCTCTCTGAAGAACAAATTGAGGAAATAGTGAAAAAGACTATTCAGGCAGGTGCGGAAGTTACAAAACTGAGAGGATTTTCAAATGTGCATGCCCCCGCCGCGGGCTTGGCGCTTATGGCGGAAGCGATAAAAAAGGACCAAAAACGCGTCTTTTTGGCATCAGTTTATCTGGATGGTGAATACGGCGTGAAAGATGTTGTTGCCGAAGTTCCCGTGGTTTTGGGCAAAAACGGCGTTGAAAAGATCATCGAAGTTCCGCTGAATGATGAGGAGAAAAAAGGCTTTATGAAGTCAGTCGAAGCAATCAAAAAAAACATCAACAGCTTACCGCAACAATTCTTAGCGGCCGCACTCGAGCACCACCACCACCACCACTGA | H8: MITIIGSGRVGASTAAYLALKELDDIVLIDIVEGLPQGEALDLNHMASILGLNVNIKGSNDYEDMKGSDIVIVTAGFPRKPGMTREELLEKNAEIVSDIADKIKKYAPDSIVILTTNPLDAMTYVMYKKLGFPRNRVIGFSGVLDAGRLRYYAAKKLGISPDSILAVVLGQHGENMFPVPRLSTVYGKPLTELLSEEQIEEIVKKTIQAGAEVTKLRGFSNVHAPAAGLALMAEAIKKDQKRVFLASVYLDGEYGVKDVVAEVPVVLGKNGVEKIIEVPLNDEEKKGFMKSVEAIKKNINSLPQQFLAAALEHHHHHH*
A9: ASR_MDH_441 | B9: ASR | C9: Y | D9: Y | E9: Y | F9: Y | G9: ATGATGAAAGGTAAAAAAGTGGGTATTGTCGGAGCGGGAAATGTTGGCTCTACCGTGGCCTATTCTCTCGCTATGCAGGGGTTATGTCATGAGATTATCCTCAAAGATAACAATGAAGATATCGCCAAGGGCAAAGCTCTGGACATGAGCCAAGCGGCTAGTGCGGCCCGTAGTCATACCGTTGTCAAAGTTGCTAATAATAGTGAAGACATAAAAGATTGCGACGTGGTGGTAATAACCGCAGGGTCTCCACGCCTGCCTGGCATGTCGAGAGATGACCTGTTACTGACAAATGCAAAAATTATGAAAGAGGTAATTGAGGAAATAAAAAAATATTCACCGGATGCGATCATTATTGTAGTATCAAATCCACTGGACGCAATGGTTTATGTGGCACTGAAAGAATCAGGCTTCCCGCGCAATCGCGTTATCGGCATGGCAGGTATTCTGGATAGTGCCCGTATGGCCCACTTCATTCATGAAAAACTCGGGTATGGGGCCGGTCAGATTCGCGCTAGCGTAATGGGTGGCCATGGCGACGATATGGTCCCGTTGCCGCGTTATTCAACCGTTGCAGGTGTGCCACTGACAGACCTGCTTACCCAAGAAGAAATCGAAGAAATTGTTGAGCGTACAAGAAATGGCGGTGCCGAGATTGTAGGGCTGTTGAAAACCGGAAGCGCTTATTATGCACCGGCGAAAGCTACAGCAATCATGGTGGAAGCTATTCTTAAAGACACAAAGCAGATATATCCGTGCAGTGTGTTACTTGAGGGTGAATATGGCTACAATGACGTGGTGTCCGGCGTGCCTGTGATGCTCGGTGCAAATGGAGTCGAAAAGATAATCGAACTGGAGCTTAATGATGAAGAAAAGGAAGCCTTTGAGAAATCTGTTGCAAGCGTTAAAGAGCTGATCGATACTCTTAACAATAATAACTTCTTTGGCGAGAACAAAGCGGCCGCACTCGAGCACCACCACCACCACCACTGA | H9: MMKGKKVGIVGAGNVGSTVAYSLAMQGLCHEIILKDNNEDIAKGKALDMSQAASAARSHTVVKVANNSEDIKDCDVVVITAGSPRLPGMSRDDLLLTNAKIMKEVIEEIKKYSPDAIIIVVSNPLDAMVYVALKESGFPRNRVIGMAGILDSARMAHFIHEKLGYGAGQIRASVMGGHGDDMVPLPRYSTVAGVPLTDLLTQEEIEEIVERTRNGGAEIVGLLKTGSAYYAPAKATAIMVEAILKDTKQIYPCSVLLEGEYGYNDVVSGVPVMLGANGVEKIIELELNDEEKEAFEKSVASVKELIDTLNNNNFFGENKAAALEHHHHHH*
A10: ASR_MDH_445 | B10: ASR | C10: Y | D10: low | E10: low | F10: Y | G10: ATGAATATACCTGGGGAGAAGAAAATGAAAATCGGAATTATTGGAGCCGGTAATGTGGGTGCCACGACAGCACACATCGCACTGATGAAAGGCTTGGGAGATATTTACTTGTTGGATATTGAAGCTGATATGGCCAAAGGCAAAGCCATTGACCTGAATCAGTCGAAATATTTATTCGGCAGTGATGCAACCGTGGAAGGTGGTGATGACTATGAGCGGATCAAAGATTGCGATATCGTTGTTATTACTGCAGGGCTGGCACGGAAACCAGGTATGAGTCGGGACGATCTGTTACTGAAAAACTTTGAAATCATAAAAGACGTAAGTCTTAAGATAAAGGAATCCCCGAAAGAGCCAGTTGTCATCGTAGTTTCGAATCCGCTTGATGTCATGGCCTATACAGCGTATAGAGTAACTGGATTTCCTCGCAGCCGTGTGCTCGGAATGGCTGGGGTTCTGGACACCTATCGTTTTTACCACTTTATTCAAAACAAGTTAGGTGCGAAGTCAAAACGGATTGATGCACTTATTTTAGGTAGCCATGGTGATACGATGGTCCCCCTGTCGAGCCACACTAAAGTGAACGGTTTAAAATTAACGGGCCTGATCCCGGCGGAAGAAATAAAAGAACTGGAGGATCGGACACGCAATGGTGGTGCGGAGATTGTGTCCCTGCTGAAAACTGGTAGTGCGTATTATGCACCAGCCGCGTCTACCGTTCGCATGATGGAAGCGATCGTCAAAGACCAGAACGCAGTGCTGCCGTGCTCAGTCTACGCAGATGGCGAATATGGTATCAACGACATCTTCATTGGTCTGCCTGTCAAGCTGAGCAAGAAAGGCGTAGATGCCGTCGTCGATATAAAGCTGAATGACGAAGAAAAAAAAGCCTTACAGGATTCTGCAGCCGCGATAAAGGAGCAGATCGGCAAAATTAAAGACATGCTCGCGGCCGCACTCGAGCACCACCACCACCACCACTGA | H10: MNIPGEKKMKIGIIGAGNVGATTAHIALMKGLGDIYLLDIEADMAKGKAIDLNQSKYLFGSDATVEGGDDYERIKDCDIVVITAGLARKPGMSRDDLLLKNFEIIKDVSLKIKESPKEPVVIVVSNPLDVMAYTAYRVTGFPRSRVLGMAGVLDTYRFYHFIQNKLGAKSKRIDALILGSHGDTMVPLSSHTKVNGLKLTGLIPAEEIKELEDRTRNGGAEIVSLLKTGSAYYAPAASTVRMMEAIVKDQNAVLPCSVYADGEYGINDIFIGLPVKLSKKGVDAVVDIKLNDEEKKALQDSAAAIKEQIGKIKDMLAAALEHHHHHH*
A11: ASR_MDH_500 | B11: ASR | C11: Y | D11: Y | E11: Y | F11: Y | G11: ATGACATCACTGAACATTTCACCTTCCCTGTGCCGTTCGTCTCGCGTTACCGTAATTGGCGCAGGCCGTGTCGGTAGTACGTTAGCCCAACGGATCGCGGAAAAAAACTTGGCAGACGTCGTTCTTCTGGACATCGTTGAGGGGATGCCTCAGGGTCTGGCACTCGACCTTATGGAGGCGCGGGGCATTGAGCGGCATGATAGACAAATCATTGGTACGAATGATTATGCCGATACCAGCGATAGCGAAATCGTAGTAATTACGGCTGGTATCCCTAGAAAACCGGGAATGTCACGAGACGACTTACTGAAGACCAATGCCAAAATTGTGGTCGAAGCAGCCAAGAATGCTATTGCCCATTCGCCTAATGCCATTTTTATTATCGTAACGAATCCACTGGATGTCATGACCTACCTGGCATGGGAAGCAACCGGCCTCCCGCGGCACAGAGTTATGGGGATGGCGGGTGTATTAGACTCAGCGCGTTTCGAGACATTTATTGCTTTGGAGCTGGGGGTTTCCCCTGCAGACGTGAAAGCAATGGTCTTAGGGAGTCACGGGGATCTGATGGTGCCGCTGCCGCGCTATTCTACAGTAAATGGCATTCCTATCACCGAATTGCTTGATGCAGCGACTATAGAACGTCTGGTGGAGCGTACACGAAACGGCGGCGCAGAAATTGTGGAGCTGATGCAAACGGGTGGGGCCTTCTTTGCACCTGCAAGTGCTGCATGCGTTATGGTAGAATCCATTCTGTTAAACCAGAGTCGGCTCCTTCCAGTTGCAGCGTATCTGCAGGGTGAATACGGGCTTAATGATGTATTCATTGGGGTGCCGTGTCGTTTAGGTTGTGGAGGCATTGAAAAAATCTTAGAATTAAACCTTACGGATGCAGAACGCGAAGCGCTGCATGTCTCGGCCGAATCGGTTCGCCAGAATATCGAACGTGCTCAAGAGATGCTGGCGGCAGTGGCAAACGCGGCCGCACTCGAGCACCACCACCACCACCACTGA | H11: MTSLNISPSLCRSSRVTVIGAGRVGSTLAQRIAEKNLADVVLLDIVEGMPQGLALDLMEARGIERHDRQIIGTNDYADTSDSEIVVITAGIPRKPGMSRDDLLKTNAKIVVEAAKNAIAHSPNAIFIIVTNPLDVMTYLAWEATGLPRHRVMGMAGVLDSARFETFIALELGVSPADVKAMVLGSHGDLMVPLPRYSTVNGIPITELLDAATIERLVERTRNGGAEIVELMQTGGAFFAPASAACVMVESILLNQSRLLPVAAYLQGEYGLNDVFIGVPCRLGCGGIEKILELNLTDAEREALHVSAESVRQNIERAQEMLAAVANAAALEHHHHHH*
A12: ASR_MDH_510 | B12: ASR | C12: Y | D12: Y | E12: Y | F12: Y | G12: ATGCGTAAAGTTACAGTTGTAGGTGCGGGCAAGTACGGGTCAACTACTGCACAGAGAATTGCTGAAGCTGACATAGTAGACGAAGTGGTCATGACCGATATCGTAGAAGGTTTGCCTCAGGGATTAGCACTGGATATGAACCAATCCCGGCCAGTCGAGGGATTTAGAACCAAAGTCATTGGCACAAACGATTATGCCGATACAGCAGGCTCGGATGTAGTTGTTATTACTGCGGGTCTTCCGAGAAAGCCAGGAATGTCACGTATGGACTTGCTGGAAACGAACGCTCGTATTGTAAAGGATGTTACTGAAAATATTGTTGATCACTCGCCGGAGGCAGTGATTATTGTGGTGACCAATCCACTCGACCAAATGACGACCCTGGCGGCGGAAGTCTCTGGCTTTCCACGCCAGCGTGTAATTGGTCAAGCGGGAATTTTAGATTCCTCCCGGTTCGCGCACTTCATTGCAGAAAAAACAGGGGTCGACGTTAAGGCCATCAAAGCCCTGACTCTCGGATCCCATGGCGAGACCATGGTGCCGGTGCCGTCGCAGTGCAGAGTCGGAGACAAACCACTTACTGACGTTCTCACCGCGGCAGAGATAGATGAGTTAGTGGAACGGACTCGTAACGGGGGTGCCGAAATTGTGGCCCTTCTGAAAACCGGTAGTGCATACTTTGCTCCTAGTGCGGCTGCAGCTAAGATGGTGAAGGCAGTGATTAAAAACACCGGAGAAGTAATGCCGGTTTGTGCTTGGATGACGGGTGAATACGGTATCAACGACGTGTATCTGGGCGTTCCGGCCCGAATCGGAGCGGGCGGTGTGCAAGAGATCGTGGAGCTGCCTTTGACAGAGACCGAACTGGCCGCGCTCCGTGCAGCGGCTGAAGCGGTGCGAGAAAAAGTCGCAGAACTCGAAAAAATTGAGCTGGGGAGCGCGGCCGCACTCGAGCACCACCACCACCACCACTGA | H12: MRKVTVVGAGKYGSTTAQRIAEADIVDEVVMTDIVEGLPQGLALDMNQSRPVEGFRTKVIGTNDYADTAGSDVVVITAGLPRKPGMSRMDLLETNARIVKDVTENIVDHSPEAVIIVVTNPLDQMTTLAAEVSGFPRQRVIGQAGILDSSRFAHFIAEKTGVDVKAIKALTLGSHGETMVPVPSQCRVGDKPLTDVLTAAEIDELVERTRNGGAEIVALLKTGSAYFAPSAAAAKMVKAVIKNTGEVMPVCAWMTGEYGINDVYLGVPARIGAGGVQEIVELPLTETELAALRAAAEAVREKVAELEKIELGSAAALEHHHHHH*
A13: ASR_MDH_639 | B13: ASR | C13: Y | D13: Y | E13: Y | F13: Y | G13: ATGACGGTTAACCGTAAAAAGATCACAGTGATTGGTGCAGGGTACACGGGCGCTACCACAGCGTTCCTGATTGCACAGAAAGAATTGGGGGATGTAGTACTGGTAGACATTCCCAAAATGGAAGGACCTGCGAAAGGGAAGGCGCTGGATATGCTGGAGTCAGCTCCAATTCAAGGCTTTGATGCGAAGATAACGGGCACATCCGACTATGAAGACACTGCCGACTCGGATATCGTAATTATCACTGCGGGCATCGCTAGAAAACCCGGCATGTCACGCGACGATTTGGTCCAGACCAATGCCAAGATTATGAAAGATGTGACAGAGCAGATCGTCAAATATAGCCCTGATAGCATCATAATTGTATTGTCGAATCCAGTGGACGCCATGACTTACACTGTCTTCAAAGAAAGCGGTTTTCCCAAGAATCGGGTTATTGGACAGTCCGGCGTACTCGATACGGCTCGCTTTAGAACCTTCATTGCAGAAGAACTGAAAATATCAGTTAAGGATGTCACAGGTTTTGTGCTTGGTGGGCACGGCGATGATATGGTCCCCTTAGTGCGTTATTCATATGCGGGGGGTATACCTATAGAATCACTGATCAGCAAAGAGCGTATCGAAGCCATCGTGGAGCGTACTCGCAAAGGCGGCGGTGAGATTGTAAATTTACTCGGCAACGGATCAGCTTATTATGCGCCTGCTGCAGCCCTGGTGCAGATGGCAGAGGCTATATTGAAAGATCAGAAGCGCGTGCTTCCGGCGATAGCCTACCTGGAGGGTGAGTACGGGTATAATGATATCTACTTGGGCGTGCCTACTATACTGGGCGCAAATGGTATTGAGAAAATAATCGAACTGGAATTAACCGAGGAAGAAAAAGCTGCACTGGACAAATCCGCGGAATCTGTGAAATCTGTGCTGGAGGTCTTGAAGGCGGCCGCACTCGAGCACCACCACCACCACCACTGA | H13: MTVNRKKITVIGAGYTGATTAFLIAQKELGDVVLVDIPKMEGPAKGKALDMLESAPIQGFDAKITGTSDYEDTADSDIVIITAGIARKPGMSRDDLVQTNAKIMKDVTEQIVKYSPDSIIIVLSNPVDAMTYTVFKESGFPKNRVIGQSGVLDTARFRTFIAEELKISVKDVTGFVLGGHGDDMVPLVRYSYAGGIPIESLISKERIEAIVERTRKGGGEIVNLLGNGSAYYAPAAALVQMAEAILKDQKRVLPAIAYLEGEYGYNDIYLGVPTILGANGIEKIIELELTEEEKAALDKSAESVKSVLEVLKAAALEHHHHHH*
A14: ASR_MDH_660 | B14: ASR | C14: Y | D14: Y | E14: Y | F14: Y | G14: ATGATGGCAAAGGTAAGTATAATAGGGGCCGGCATGACGGGTGCTACAACGGCTCATTGGCTGGCAACGAGAGAGATAGCAGACATTGTGCTGGTGGATATTGTGGAGGGGATGCCGCAGGGGAAAGCTCTGGACTTGCAGGAAGCCATGCCAGTCATTGGTAAAGATGTTAGCATAACCGGAACAAATGATTACGCTGCTACGGCAGGAAGTGATGTTGTGGTAATAACTGCTGGCCTCCCGAGAAAGCCCGGTATGTCACGTGATGATCTGTTAACTGCGAATGCTGACATTGTGCGCAGCGCAGTTGAAGAAACAATAAAATACTCACCTAACGCCATTTTTATTGTCCTCACAAACCCGCTTGACACGATGACGTATTTGGCTATGAAGGTTACAGGTTTACCTCGACATCGGGTCATCGGTCAAGCGGGTATTTTGGACAGCGCGCGCATGCGCGCCTTCGTGGCCATGGAACTTGGGGTTTCAGTAGAAAATATCCACTGCTATGTTTTAGGCGGCCACGGAGACGAAATGGTGCCTTTAACACGCCATTCAAATGTAGCCGGCGTTCCTCTCGAAAAAGCACTGCCAGCCGAACGTCTGGAAGCAATTGTCGAAAGAACCAGAAAGGGCGGGGGTGAAATTGTGTCGCTGTTAAAAACGGGTAGTGCCTTCTATGCCCCCGCAGCAGCCGTTGCCCAGATGGTAGAAGCCATTTTGAAAGACAAACATCTGATCGTTCCAGCATCTGCCTATCTTGAAGGGGAATATGGTCTCAAAGACATATTTTTTGGGGTGCCGGTTCAATTAGGCCGTAACGGAGTAGAGAAAATAATTGAATACGAGCTGAATGACGAAGAACAAGCAGCTTTGCAGAAGAGTGCGGAGGCCGTGAGAGAGACGATCGAGGCATTGAAACTCGCGGCCGCACTCGAGCACCACCACCACCACCACTGA | H14: MMAKVSIIGAGMTGATTAHWLATREIADIVLVDIVEGMPQGKALDLQEAMPVIGKDVSITGTNDYAATAGSDVVVITAGLPRKPGMSRDDLLTANADIVRSAVEETIKYSPNAIFIVLTNPLDTMTYLAMKVTGLPRHRVIGQAGILDSARMRAFVAMELGVSVENIHCYVLGGHGDEMVPLTRHSNVAGVPLEKALPAERLEAIVERTRKGGGEIVSLLKTGSAFYAPAAAVAQMVEAILKDKHLIVPASAYLEGEYGLKDIFFGVPVQLGRNGVEKIIEYELNDEEQAALQKSAEAVRETIEALKLAAALEHHHHHH*
... A19: ASR_MDH_898 | B19: ASR | C19: Y | D19: Y | E19: Y | F19: Y | G19: ATGAGCAAGGTTACCGTGGTTGGTGCCGGTAACGTCGGCGCGACTTGTGCAAATGTACTGGTGACTAACCAGGTGGCTGACGAGGTGGTCCTTATCGATATTAAGGAGGGGGTTGCTGAAGGTAAGGCAATGGATATAATGCAAACCGCGAACATATTAGGCTTGAATACACGTCTGACAGGCGTTACCAACGATTATACAAAAACTGCAGGCTCGGATGTTGTCGTTATAACGTCAGGTATCCCCCGTAAGCCGGGTATGACACGCGAGGAACTGATAGGCGTGAATGCAGGCATTGTGAAAAGTGTCACAGACAACGTGCTCAAACATAGTCCAAACGCAATTATCATATGTGTCTCAAACCCAATGGACACTATGACTTACCTTATTCATAAAACTTCTGGTCTGCCGAAAAATCGCATTATTGGGATGGGAGGTGCGCTGGATTCTGCTCGTTTCAAATACTTCCTTAGCCAGGCATTGGGTGCCAATGCTAATGAAGTGGAAGGCATGGTGATCGGTGGTCATGGTGACACTACAATGATTCCACTGACACGCTATGCGGCCTACCGGGGCATACCGGCAAGCACCCTGCTGAGCGCCGAAACGTTAGAAAAAGTCGCAGCGGATACTATGGTGGGAGGCGCCACTCTGACCAAACTGTTAGGAACATCTGCATGGTATGCCCCTGGCGCAGCCGCCGCACAGGTCGTTGCTGCCGTACTTCATGATCAAAAGAAGATGATACCCTGCTCGGCACTTTTAGAAGGGGAATATGGTGAGAGTGACCTGTGTATCGGCGTACCGTGCATTTTGGGGCGCAACGGTATTGAAAAAATTGTGGAACTGAATCTTAACGAAGAAGAAAAAGCATTGTTCGCAAAATCTGCCGCAGCGGTGCATAAGACTAATGCCGCGTTGAAAGAAGCACTGGCGGCCGCACTCGAGCACCACCACCACCACCACTGA | H19: MSKVTVVGAGNVGATCANVLVTNQVADEVVLIDIKEGVAEGKAMDIMQTANILGLNTRLTGVTNDYTKTAGSDVVVITSGIPRKPGMTREELIGVNAGIVKSVTDNVLKHSPNAIIICVSNPMDTMTYLIHKTSGLPKNRIIGMGGALDSARFKYFLSQALGANANEVEGMVIGGHGDTTMIPLTRYAAYRGIPASTLLSAETLEKVAADTMVGGATLTKLLGTSAWYAPGAAAAQVVAAVLHDQKKMIPCSALLEGEYGESDLCIGVPCILGRNGIEKIVELNLNEEEKALFAKSAAAVHKTNAALKEALAAALEHHHHHH*
A20: ESM_MSA_A0A522LBY1 | B20: ESM-MSA | C20: Y | D20: Y | E20: Y | F20: Y | G20: ATGAGCAAGCAGCCTGTTCGCGTTGCGGTGACTGGGGCCGCCGGTCAGATAGGATATGCTCTCTTGTTTCGCATTGCTTCAGGGGAGATGCTGGGTAAGGACCAGCCGGTGATTCTGCAGTTGTTAGAGATCCCAGACGAAAAAGCACAGAACGCTTTAAAAGGCGTAATTATGGAATTAGAGGATTGTGCATTTCCTCTCTTAGTCGGCATTGAGGCACACTCAGATCCGATGACAGCCTTCAAAGATGTGGATTACGCACTCCTGGTTGGAAGTCGCCCGCGCGGACCGGGGATGGAACGCGCTGAATTACTGGCAGTTAATGGCGAGATATTTACTGCTCAAGGCAAGGCGCTGAACGCGGTAGCCTCACGCAACGTTAAAGTATTAGTAGTGGGTAACCCTGCGAATACTAATGCGTATATTGCTATGAAATCCGCACCCGATCTCCCGGCGAAAAATTTTACCGCGATGCTGCGCCTTGATCATAATCGTGCCCTCAGTCAGGTTGCAGCAAAAACAGGAAAGGCTGTTGCTGATATAGAAAAGCTGGCCGTTTGGGGTAATCATAGTCCGACAATGTATGCTGACTATCGGTTTGCCACCATTAACGGTGAGAGTGTTGAAAAGATGATTAACGATCAGGAATGGAATGCAAATGTATTTTTACCCACAGTAGGCAAACGGGGTGCAGCGATCATAGAGGCGCGAGGTTTGAGCTCTGCAGCGTCTGCGGCGAATGCAGCTATAGATCACATGCGAGATTGGGCCCTTGGTACTAACGGGAAGTGGGTGACAATGGGCATACCCTCCAATGGGGAATATGGGATACCCGCAGAAACCATGTTCGGCTTCCCGGTAACTTGTGAGAATGGTGAGTATACCATTGTAAAAGACCTGCCGATTGATGAGTTTAGTAAGGAACGTATTGCCAAAACCTTAGCTGAATTAGAAGGCGAACGTGCAGGCGTTGCACACCTTTTGGCGGCCGCACTCGAGCACCACCACCACCACCACTGA | H20: MSKQPVRVAVTGAAGQIGYALLFRIASGEMLGKDQPVILQLLEIPDEKAQNALKGVIMELEDCAFPLLVGIEAHSDPMTAFKDVDYALLVGSRPRGPGMERAELLAVNGEIFTAQGKALNAVASRNVKVLVVGNPANTNAYIAMKSAPDLPAKNFTAMLRLDHNRALSQVAAKTGKAVADIEKLAVWGNHSPTMYADYRFATINGESVEKMINDQEWNANVFLPTVGKRGAAIIEARGLSSAASAANAAIDHMRDWALGTNGKWVTMGIPSNGEYGIPAETMFGFPVTCENGEYTIVKDLPIDEFSKERIAKTLAELEGERAGVAHLLAAALEHHHHHH* | I20: =COUNTIF(C20:C37,"<>N") -> 17 | J20: =COUNTIF(D20:D37,"<>N") -> 12 | K20: =COUNTIF(E20:E37,"<>N") -> 12 | L20: =COUNTIF(F20:F37,"<>N") -> 11
A21: ESM_MSA_A0A650CYI3 | B21: ESM-MSA | C21: Y | D21: Y | E21: Y | F21: Y | G21: ATGAAGAAAATCGCATTCATTGGCGTCGGCAAGATTGGCCAGACTATTGCATATTCATCGTTAATCGATGGGATCTTTGACGAGGCTATCTTATATGATATTATACCCGAATTACCGGAAAAATTCGAACATGAGTTACGCCATGCATTCGCGACAAAAGGCATCAAAACCGAAGTTCTGGGTACTAACAGTTTGGACGATGTAAGCGGTGCTGATATAGTTGTGATCACCGCCGGTAAGCCTCGTAAACCAGGCATGAGCCGTCGTGACCTGTTTGTTGATAATGCCAAAATTATGATTGATCTGGCGAAAAAACTGCCGAAAAAGAATCCTGGGGCCATCTATGTGATGGTAGCGAACCCAGTGGATATGATGGCTAGTGTGTTTATGAAATACTCGAAAGAGTACACAATATCTACCGGTGATCAGGTCGAGACTATGCGCATGCGTTCTTTTATAGCTAAAAAATTGAAAGTTCCGGTGAATAAAGTCAATGGCTATGTGGGTGGCGAACATGGAGAGGACGCAGTGGTGTTATGGTCTACTGTAAAAGTTAATGGCAAACCCGTAGATGAACTGGGAATCGATAAAAAAGAAGTCGAAGAATACGTTAAAAAAATTCCAGGCGAAATTATCCGTGTAATGGGCGGAACCACTTGGGGGCCCGGTACGATTATTGCTGATATTATTCGCTCGATAGCCCTGAATGAGAACAGAGTCATGAGCATTGCCACACCTCGGGAATATGAGGGCGAAATTATCCATATTAGCGTCCCAGTGGTAGTTGGCCGAACCATTGGTCCCTCACTGGAGTCACTGCTGGATGAAAAAGATCGGTGGCATTTGATGGCCGCGATGAAGGACTTTTATAGTGTTTATAAAGAGCTGATCAAGACTAGCCTGATAGAACAGCTGAGCGCGGCCGCACTCGAGCACCACCACCACCACCACTGA | H21: MKKIAFIGVGKIGQTIAYSSLIDGIFDEAILYDIIPELPEKFEHELRHAFATKGIKTEVLGTNSLDDVSGADIVVITAGKPRKPGMSRRDLFVDNAKIMIDLAKKLPKKNPGAIYVMVANPVDMMASVFMKYSKEYTISTGDQVETMRMRSFIAKKLKVPVNKVNGYVGGEHGEDAVVLWSTVKVNGKPVDELGIDKKEVEEYVKKIPGEIIRVMGGTTWGPGTIIADIIRSIALNENRVMSIATPREYEGEIIHISVPVVVGRTIGPSLESLLDEKDRWHLMAAMKDFYSVYKELIKTSLIEQLSAAALEHHHHHH*
A22: ESM_MSA_A0A6A8FHP1 | B22: ESM-MSA | C22: Y | D22: Y | E22: Y | F22: Y | G22: ATGACAATCTCTATTATTGGTTCTGGAAAAGTGGGTGCATCGGTCGCACTGAATTGCGGCTTACGCGAACTTGATGATATTAATCTGATTGATATTATCGAAGGTTTGCCGCAAGGCGAAGCAATGGATATTAACCACCAGCTTTCAGAAAGAGGCAGCGATAGCATTGTTAAAGGTACGAATGATTTTTCTGTGATTAAAGATTCAGACATTGTGATTCTCGTTGCGGGCGTGGGTCGGAAACCTGGTATGACACGTATGGACCTTCTTAAAACAAACGCAAGTATTGTGAAAGGTGTCGCGGAAAATATAAGTAAATACGCTAAAGATTCTAAATTGATTGTGGTGACCAACCCGCTGGATCCCATGACGTATTTGGCCCTGAAAGTCACCAAATTTAAAAAAAATAATGTGATGGGCATGGGTGGTATGCTCGACCTGTCTCGATTTAAGAGCTTCATTCACGAGTATACTAAGATATCGCGTGATTCTATCCAAGCTATGGTGATTTCAGAACATGGCGAAAATATGTTGCCTCTGATCAGATTCTCATCCATCTCAGGAATACCTCTCACCAATTTTATCTCTGAAAAACAATCAAATGAAATATTTGAGAAAACGAAACAGGTGGCGGCTGAGGTGATCAAACTCAAAGGAGCAACCGTTTACGCACCGGGCAACGCCGTTGCAACAATGGTTGAGAGCATAATAAAAGACAAAAAAAGTGTAATCCCAGTTAGTGCTTATCTCGATGGCGAGTATGGTTACTCTGACGTTTGTATCGGGGTACCGGCAGTCATCGGCAAAAATGGGGTAGAAAAAATTATCGAGTTAGACTTAAATGATTTCGAAAAAGAGATTTTTGACAAAGGCGTCGAATCTGTGAAAAATGCCATATCAAGTCTGCCTATAGCGGCCGCACTCGAGCACCACCACCACCACCACTGA | H22: MTISIIGSGKVGASVALNCGLRELDDINLIDIIEGLPQGEAMDINHQLSERGSDSIVKGTNDFSVIKDSDIVILVAGVGRKPGMTRMDLLKTNASIVKGVAENISKYAKDSKLIVVTNPLDPMTYLALKVTKFKKNNVMGMGGMLDLSRFKSFIHEYTKISRDSIQAMVISEHGENMLPLIRFSSISGIPLTNFISEKQSNEIFEKTKQVAAEVIKLKGATVYAPGNAVATMVESIIKDKKSVIPVSAYLDGEYGYSDVCIGVPAVIGKNGVEKIIELDLNDFEKEIFDKGVESVKNAISSLPIAAALEHHHHHH*
A23: ESM_MSA_A0A6N4R5B1 | B23: ESM-MSA | C23: Y | D23: Y | E23: Y | F23: Y | G23: ATGGCACGCCCGAAAATAGCATTAATCGGTGCCGGTAACATTGGTGGTACTCTGGCCCATTTAGCTGGCCTGAAGGAACTGGGTGACGTTGTTCTTTTTGATATTGCCGAAGGTATTCCCCAAGGAAAAGCGTTAGATTTGGCTGAATCGTCACCAGTAGAGGGCTTTGATGCCAAACTGTCAGGAACCAATTCCTATGCCGACATCAAAGGTGCGGATGTGGTGATTGTCACTGCAGGAGTACCGCGTAAACCGGGCATGAGCAGAGATGACTTGATCGGTATTAACACAAAAGTGATTAAAAGCGTTGGAGAAGGAATTAAGAAGTACGCACCAAACGCGTTTGTCATTGTTATTACCAATCCTCTGGACGTTATGGTGGGAGTGATGCGTGATGCCACTGGGTTCCCGCATAACAAAGTGGTAGGTATGGCCGGAGTTCTGGACTCAGCCCGTTTTAGATACTTTCTGGCGGAAGAGTTGAAAGTGAGTGTCAAAGATGTTCAGGCATTCGTGTTAGGTGGCCATGGAGATACCATGGTGCCGCTGCCACGCTACTCTAATGTCGCCGGTATACCGCTGCCAGATCTCGTTAAAATGGGCTGGATTACACAGAAGAAATTGGATGAGATTGTTGATCGGACAAGAAATGGAGGCGCTGAAATCGTGAACCTCTTGAAAACTGGCTCGGCATTTTATGCGCCGGCAGCATCTGCGATAGCGATGGCTGAAAGTTACTTGAAAGACCAGAAAAGAGTCTTACCGTGTGCCGCGTATCTGAATGGAGAGTATGGAGTCAAAGATCTCTATGTTGGCGTGCCCGTAGTAATTGGGGCGAAAGGAGTGGAGCGTATAGTGGAAATTAAATTGAACGCCGAAGAGAAGAAGATGTTTGATAACTCTGTTAAAGCTGTAAAGGGACTGGTAGCAGCGGTTAAAAAGCTTGCGGCCGCACTCGAGCACCACCACCACCACCACTGA | H23: MARPKIALIGAGNIGGTLAHLAGLKELGDVVLFDIAEGIPQGKALDLAESSPVEGFDAKLSGTNSYADIKGADVVIVTAGVPRKPGMSRDDLIGINTKVIKSVGEGIKKYAPNAFVIVITNPLDVMVGVMRDATGFPHNKVVGMAGVLDSARFRYFLAEELKVSVKDVQAFVLGGHGDTMVPLPRYSNVAGIPLPDLVKMGWITQKKLDEIVDRTRNGGAEIVNLLKTGSAFYAPAASAIAMAESYLKDQKRVLPCAAYLNGEYGVKDLYVGVPVVIGAKGVERIVEIKLNAEEKKMFDNSVKAVKGLVAAVKKLAAALEHHHHHH*
A24: ESM_MSA_A0A7D5Q9D9 | B24: ESM-MSA | C24: Y | D24: N | E24: N | F24: N | G24: ATGCATACCGTTGCGGTGGTAGGTGGTGCCGGAACCATTGGCACCACTGCGGCATACACTTTAGGTGTTGACCGGCCAGATGTAGATGTGCGCCTCTGTGACGTAGCGGGCGATGATGCGGCAGGGCATGCGATTGACCTGCGTCATGCACGTTGTCATACCGCCGCGCATGCCTTGGGTGGTCCGCCGACCGGCGAAGTCACTGCAGTAGATCCTCCAGCCGCTGTGGCGGACGCTGATTGCGTCCTGGTAACGGCTTCAGTGCCACGGCCCACAGAACGTGGTGAGGAAGCCGGTCGTAATGCTTGGTGGCCAGCCAACCGCGAAGTGGCAGAGACTGTAGGCGCGTGGCTGGCGGCTGCAGATCCGGTTCCCGTTGTGCTGTCAGTTACGAATCCTTTGGATCGCTACCTGGCTGTGCTGCACGCGGAGTCCGGTTGGCCGCGTCACCGTTTCGTGGGTTACTCTGGTCTGAGCGAAACGGCGCGTATGGCCGATGCAATAGCCCGCAGAGTGGGTGCAGACCCAGCGGCCGTAGATTGCCCGATACTGGGGGAACACGGTGAACACATGGTTCCGGCGTATTCCCGCGCAACTGTAGGTGGTGAACCGTTCGATCCTGCGCTGAGCCCGGCAGAACGGGAAGCACTTCTTGACGAGACCAAAGCGGCCCCCTATGATGTAATAGACCTTCGTGGAGGTGAGGATTCCTCTCGTTGGGTGACCGCACGCGGTGTTGCTCTCGTCGTGGAAAGAATTTTGGATGGCGGCGAGGGTACCGTCTGCCTGTCTACACCACTGGACGGCGAATACGGCGTTGAAGGGGTTCCCGTTAGCGTGCCGGTTGAGCTGGGCCCGGATGGGGTGGAACGCGTTGTTGAGTGGGAGCTTTCTGATGCGGAACGTCGCGGTGTAGAACGAGCTGTCGCCGCGGTTCGAGACGATTTAGCGGCCGCACTCGAGCACCACCACCACCACCACTGA | H24: MHTVAVVGGAGTIGTTAAYTLGVDRPDVDVRLCDVAGDDAAGHAIDLRHARCHTAAHALGGPPTGEVTAVDPPAAVADADCVLVTASVPRPTERGEEAGRNAWWPANREVAETVGAWLAAADPVPVVLSVTNPLDRYLAVLHAESGWPRHRFVGYSGLSETARMADAIARRVGADPAAVDCPILGEHGEHMVPAYSRATVGGEPFDPALSPAEREALLDETKAAPYDVIDLRGGEDSSRWVTARGVALVVERILDGGEGTVCLSTPLDGEYGVEGVPVSVPVELGPDGVERVVEWELSDAERRGVERAVAAVRDDLAAALEHHHHHH*
A25: ESM_MSA_K9TQZ6 | B25: ESM-MSA | C25: Y | D25: Y | E25: no visible band | F25: Y | G25: ATGTCGTCACCTACCGACAGACGGCCCCGTGTCAGTATTATAGGAGCCGGCCGTGTTGGCAGCACTTTGGCACAGCGGCTGGTGGAGAAAAATATAGCTGACGTTGTCCTGCTGGATATTGTTGAGGGAATGCCACAGGGAATTGCGCTGGATCTGATGGAGGCCCGCGGCGTTGAACGTCACGATCGTCAGATCATTGGTACTAATGATTATGCCGATACTAGCAACAGTGATGTAGTCGTCATTACTGCCGGGCGCCCGCGCAAGCCTGGAATGAACAGAGAAGATTTGATCAAAACAAATGCGAAAATTGTGGTGGAGGCCGCCAAAAAGGCGATAGCGCGCAGTCCAGATGCTATTCTCATAGTGGTCACGAATCCGTTAGACGTTATGACTTATCTGGCCTGGGAAGCCTCCGGTTTACCTCCGAGACGTGTTGTAGGCATGGCGGGGGTTCTGGACGCAGCACGTTTTAAGACTTTCATTGCTATGGAACTTGGCGTGAGTATCCAGGAGATAAACGCAATGGTTTTGGGCGACCATGGCAAGCTGATGGTCCCCCTTCCGCGTTATTCAACCGTGAATGGAATTCCAATTACGGAATTGATGGATGCTGCAACTATTGACCGCCTGGTGGAGCGCACACGTAACGGTGGCACAGAAATTGTTGAGCTGATGCAGACTGGAAGCGCTTATTTTGCGCCCGCTTCATCAACCTGTCTGATGGTTGAATCGATACTGCATAATCAATCCCGTCTTTTGCCGGCTGCCGCCTATTTACAAGGTGAATATGGTCTTCAGGATATCTTCCTGGGCGTACCGTGTGTTCTGGGGTACCAGGGTGTGGAAAAAATTGTTGAACTCAATCTGACACCGGAAGAGCTGGCCGCTCTTCACGAGTCTGCAAAAAGTGTACGACAGAATATCCAGCGCGCAAAAGCAATACTGAGCTCGGCGGCCGCACTCGAGCACCACCACCACCACCACTGA | H25: MSSPTDRRPRVSIIGAGRVGSTLAQRLVEKNIADVVLLDIVEGMPQGIALDLMEARGVERHDRQIIGTNDYADTSNSDVVVITAGRPRKPGMNREDLIKTNAKIVVEAAKKAIARSPDAILIVVTNPLDVMTYLAWEASGLPPRRVVGMAGVLDAARFKTFIAMELGVSIQEINAMVLGDHGKLMVPLPRYSTVNGIPITELMDAATIDRLVERTRNGGTEIVELMQTGSAYFAPASSTCLMVESILHNQSRLLPAAAYLQGEYGLQDIFLGVPCVLGYQGVEKIVELNLTPEELAALHESAKSVRQNIQRAKAILSSAAALEHHHHHH*
A26: ESM_MSA_MGYP000000112116 | B26: ESM-MSA | C26: Y | D26: N | E26: N | F26: N | G26: ATGCCGCTTTCGCTGCTCTTGAAATTGAATCCAAAAGTGACGGATCTCCGACTGTATGACATTCGCTTAGCGCCGGGTGTTGCTGCAGACCTTGGCCATATAAATACCCCCTCACAGTGCACCGGGTACGCTCAGGAGAACCTCGAGAAAGCTCTGGAAGGTGCAGAAGTCATCGTCATACCAGCGGGCGTTCCGCGCAAACCTGGGATGACACGCGACGATCTCTTCAATACCAATGCCTCGATTGTTCGTGACCTGGCCAAAGCAGCGGCTAAAGTGTCGCCAAAAGCTCACATGTTAATAATCTCAAACCCTGTGAATTCGACTGTGCCGATCGTTGCTGAGGTGTTTAAAAGAGCGGGTGTGTATGACCCAAAACGCCTCTTTGGTGTAACCACGCTGGATATAGTGCGGGCAAGCACCTTTCTGTCGGGCATTGCCGGATCGAAACCAGCAGATACAAACGTGCCTGTTATTGGAGGCCACTCTGGTGTGACCATTGTACCTCTGCTCAGTCAAGCTCAACAGGGCAGTGCCGTTTCTGGAGAGGCCTATGAAAAACTCATTCATCGTATACAGTTTGGTGGCGACGAAGTGGTGAAAGCAAAAGATGGCGCAGGTTCTGCCACCTTATCAATGGCGTTCGCAGGTGCGCGTTTCGCAAATTCGTTACTGCGGGCCGCCCAAGGCGAAAAAGGGGTAATAGAACCCACTTTTGTGGATAGTCCTCTGTACAAGGATCAGGGGATTGATTTTTTCTCTTCGAAAGTGGAACTCGGTCCAAACGGAGTCGAAAAAATACACCCGCTGGGCGAACTTTCGGCGTATGAACAAAAGCTTCTGGATGCGTGTCTCGTCGATCTTAAAAAAAATATAGAGAAAGGCGTTAAGTTTGTGGCAGAGAATCCGGCGGCCGCACTCGAGCACCACCACCACCACCACTGA | H26: MPLSLLLKLNPKVTDLRLYDIRLAPGVAADLGHINTPSQCTGYAQENLEKALEGAEVIVIPAGVPRKPGMTRDDLFNTNASIVRDLAKAAAKVSPKAHMLIISNPVNSTVPIVAEVFKRAGVYDPKRLFGVTTLDIVRASTFLSGIAGSKPADTNVPVIGGHSGVTIVPLLSQAQQGSAVSGEAYEKLIHRIQFGGDEVVKAKDGAGSATLSMAFAGARFANSLLRAAQGEKGVIEPTFVDSPLYKDQGIDFFSSKVELGPNGVEKIHPLGELSAYEQKLLDACLVDLKKNIEKGVKFVAENPAAALEHHHHHH*
A27: ESM_MSA_MGYP000058576137 | B27: ESM-MSA | C27: N | D27: N | E27: N | F27: N | G27: ATGAAGGTAACGATCGTTGGGGCGGGCAATGTTGGGGCCTCATGTGCAGAGTATATCGCTATTAAAAAGATCGCAAGCAAGGTGGTTCTGCTTGACATAAAGGAAGGGTTCGCAGAAGGGAAAGCCCTGGATCTGATGCAAACAGCCACAACTCTGGGTTTTAACACTACGATCGAGGGCGTGACAAATGATTATTCAAAGACAGCAAATAGTGACGTAGTCGTGATCACCTCAGGCATCCCGCGCAAGCCCGGAATGACTCGGGAGGAGTTGATTGGCATAAATGCAGGTATAGTAAAGAGTGTCAGCGAGAACATATTAAAACACTCTCCAAATACGATTATCGTTGTGGTCAGTAACCCAATGGATACTATGACATATTTGGCCCATAAGGCAACTGGGTTGCCAAAAAACCGTATCATTGGCATGGGAGGGGCCTTAGATAGTGCACGGTTTAAATACCGTTTAGCAGAAGCCTTAGACGCCCCCATCTCCGACGTAGATGGCATGGTAATCGGCGGTCACTCTGATGTAGGGATGGTTCCGCTGACCAGACTGGCTACGCGGAACTCAGTCCCAGTATCGAAGTTTATCTCGAAAGAGCGTCTTGAGCAGGTTAAAGAAGACACTAAGGTGGGAGGTGCCACTCTGACGAAGCTTTTGGGGACATCGGCCTGGTACGCGCCGGGTGCTGCTGTATCAGGATTGGTCCAGGCAATCGCTTGCGACCAAAAGAAAATGTTTCCATGTAGTGTCTTCCTGGAGGGAGAGTACGGACAAAAAGACATTTGCATAGGTGTCCCTGTGATTATTGGGAAGAACGGAATTGAAAAAATCGTTGATATCGAGTTGAGTGAAGAGGAGAAGAAAAAATTCAAGGAATCTGCCGAAGGGGTTCGCAAGACTAACGAATTATTGAAGGAGGTCCTGGCGGCCGCACTCGAGCACCACCACCACCACCACTGA | H27: MKVTIVGAGNVGASCAEYIAIKKIASKVVLLDIKEGFAEGKALDLMQTATTLGFNTTIEGVTNDYSKTANSDVVVITSGIPRKPGMTREELIGINAGIVKSVSENILKHSPNTIIVVVSNPMDTMTYLAHKATGLPKNRIIGMGGALDSARFKYRLAEALDAPISDVDGMVIGGHSDVGMVPLTRLATRNSVPVSKFISKERLEQVKEDTKVGGATLTKLLGTSAWYAPGAAVSGLVQAIACDQKKMFPCSVFLEGEYGQKDICIGVPVIIGKNGIEKIVDIELSEEEKKKFKESAEGVRKTNELLKEVLAAALEHHHHHH*
A28: ESM_MSA_MGYP000431889011 | B28: ESM-MSA | C28: Y | D28: Y | E28: Y | F28: Y | G28: ATGAAAATAACAATTATAGGGGCTGGAAATGTAGGTGTTTCCATCGCGTACGCGCTGATTCTTCGCGAATTTGCGAATGAGATCGTTCTGATCGACAAAAACGAAGATCTGCTGTTGGCGCGCGAGCTGGAACTGGGTCAGAGCATTGCTGCGTTGAATTTGGACATCAATCTGATTTGCACCAGCGATTATTCCTACACCAAAAACAGCGACATCGTGATTTTCTGCGCCGGTCTGGCGCGTAAAGAAGGTCAGTCTCGTGAGGAGCTCCTCCAAATTAATACCGATATCATGTTGAACTGCGCGAAAAATATTAAAAAGTACGTTGAAGATCCGCTGTTTATCATTCTGACCAATCCGGTGGACTTCTTGTTGAACACCCTTTATGAAAATAAAATTTTTTCATCGAAAAAGATCATCGCCATGGCTGGCGTGCTGGACAACGCTCGCTTCAAATACGAGCTCGCTAAGAAGCTGAACGTGAAGACGAAGGACATCGACACCAAGCTGATCGGCTTCCACAACGATGATATGGTTCTTCTGAAGTCCTATAGCAGCATTAACAACGAGAAAATCAGCGAATTGCTGAATGAGGAGGAATTTGAAGATATCGAGAACGAGGTCAAAACTGGTGGTGCAAAAGTTATCAAGCACCTGAAAACGTCTGCATACCTGGCGCCAGCAGCGGCGTGTGTTCGTATGCTGGAAGCAATTCGTAGTGGTGAATTCCTGCCGATGAGCGTGATCCTCCATGGCGAGTTCGGCATTAAGAACAAAGCATTTGGCGTGATGGCCCGTCTGGGCTTGGAGGGGGTCATCGAGATTATGAACCTGGAATTGGACGAGGAAGAAAAGAAGAAGCTGGAGAAAAGCCTGATCAAGTACAACTATGCGGCCGCACTCGAGCACCACCACCACCACCACTGA | H28: MKITIIGAGNVGVSIAYALILREFANEIVLIDKNEDLLLARELELGQSIAALNLDINLICTSDYSYTKNSDIVIFCAGLARKEGQSREELLQINTDIMLNCAKNIKKYVEDPLFIILTNPVDFLLNTLYENKIFSSKKIIAMAGVLDNARFKYELAKKLNVKTKDIDTKLIGFHNDDMVLLKSYSSINNEKISELLNEEEFEDIENEVKTGGAKVIKHLKTSAYLAPAAACVRMLEAIRSGEFLPMSVILHGEFGIKNKAFGVMARLGLEGVIEIMNLELDEEEKKKLEKSLIKYNYAAALEHHHHHH*
A29: ESM_MSA_MGYP000853134550 | B29: ESM-MSA | C29: Y | D29: low | E29: low | F29: Y | G29: ATGAATAACATTACCATCGGGATCGTTGGAGTGGGTAATGTGGGAAGTACTCTGGCGTTTAATTTGGCAACAAGTGGTCTGTGTGACACTATCTTGTTGAAAGATATCCGTGAAGATTTTACTAAGGCAATGGCGTTGGACATTTCTCAGGCCGCCAAAGCGAGCAATAACAATACCAAGGTAAAGGCTTGCCTTTCGAATGAAGAGTTCAAAAATTGCAATATCATAGTAATCACGGCAGGCATTGCTCGAAAGCCTAACATGTCGAGAGAGGATCTGTTATTAACCAACGCAAAGATCATCAATAGCATTTTCGATGATATTATAAAATATAATAAAGATGCGATTTTTATCATAGTGTCGAACCCGCTCGACGCTATGGTATACACGGCCTTGGAAAAAAGTAATCTGCCGCGAAATCGGGTGTTCGGGATGGCGGGTGCTCTTGACACAAGCCGGTTCAAATACTACATTGAAAAAAAACTGAACATCAATTATAAGAACATTGATGCTTTAGTTATTGGTTCTCACTCTAATAAAATGGTGCCTCTGATCAATCACGTTAAGATTGACGATAAAAATCTGATTGACATCCTGAATGAAAAAGATATCGAAGAAATCCTGGAAAACACTAAAAACGGTGGCGCCAAGATTGTAGAGTTGCTTAAGACCGGAAGTGCATACTTTGCCCCGGCGCATTCTTGTTTTCTTATGTGTAAGGCGATCATTAACGACGAAAAAGAAATCTTCTCTTGCTCTGTTAAACTGGAGGGGGAATATAATTATAATAACCTCACCTTGGGGGTCCCGTGCATTTTGGGGAAGAACGGCATTGAAAAAATAATTGAACTGGAACTCAGCAAAGAAGAACTTGAGGAGCTCAAAAATAGCGCGAAAATTATCGAGAATAGTATAAATCTGCTTAAAAAGGCGGCCGCACTCGAGCACCACCACCACCACCACTGA | H29: MNNITIGIVGVGNVGSTLAFNLATSGLCDTILLKDIREDFTKAMALDISQAAKASNNNTKVKACLSNEEFKNCNIIVITAGIARKPNMSREDLLLTNAKIINSIFDDIIKYNKDAIFIIVSNPLDAMVYTALEKSNLPRNRVFGMAGALDTSRFKYYIEKKLNINYKNIDALVIGSHSNKMVPLINHVKIDDKNLIDILNEKDIEEILENTKNGGAKIVELLKTGSAYFAPAHSCFLMCKAIINDEKEIFSCSVKLEGEYNYNNLTLGVPCILGKNGIEKIIELELSKEELEELKNSAKIIENSINLLKKAAALEHHHHHH*
A30: ESM_MSA_MGYP000896991413 | B30: ESM-MSA | C30: Y | D30: Y | E30: Y | F30: N | G30: ATGCTTAACAAGATCGGCTTGATAGGAGGGGGAAACATAGGTGGTGTATTACTTCAGGAATTAGTAAAGCGTAGACTTGCCAAAACAGTGGCGTTGATGGACGTTAAAGGGCCTGATGTGGCAAAAGGGAAGTGCTTGGACATAGCAGAGGGCACCCCAGTAATCGGGTCCGACATAAAGTTCGAGGCGGGTAAAGAGTATGATGTACTGAAGGACGCCGAGATTATAATAAATACCGCAGGTGTCCCCCGGACCAAGCGTCCAGATGGTACCATTCCAACTCGGGAAGAGCTTTTAGCAACGAATTTGAAAATAACAGACGACGTCGCTGCTGGCATCACGAAGTATTGCCCCGACGCCTTCGTGATTTCCGTAGCGAATCCCCTGGACGCTATTGTATTTCGTCTTTACCAAAAGATGAAGCCGTCGAAAAATAAGCTTATGGGGATGGCGGGTGCTCTGGATAGTGCACGTTATCGTTATTTCGTAGCTCAAGCGGCGGGCGTCTCGGTCGAGAACGTTGAAGCTATGGTACTTGGTGGGCATGGGGACACAATGGTCCCCATACGGTCATGTTGCAGAATCGCAGGCATGCCAGTCGAAAAATTTGTAAGTGAGGAAGACCTTGCCGCAATCGAGGCACGTACTAGAAAGGCGGGGGGTGAGGTGGTAGGATTACTGGGTGTCGGCTCAGCCTTTGTATCGCCAGCAGTATCAGCCCTTGACATGGTCGAGGCAATAGTCTTCGACAAAAAGAAGATCATCCCAACGTGTGTGTTACTTGAAGGTGAATACGGAGTTAACGGTTTATTCGTTGGCGTTCCGGTGATCATAGGCAAGAACGGAATCGAGAAAATAATAGAGCTTGATTTGACGGACGAAGAGAAGGCTGGGTTCGCTAAGTCGGTGGCAGCCGTTAAAAAGACAACCGATGAGGTATTGGCGGCGGCCGCACTCGAGCACCACCACCACCACCACTGA | H30: MLNKIGLIGGGNIGGVLLQELVKRRLAKTVALMDVKGPDVAKGKCLDIAEGTPVIGSDIKFEAGKEYDVLKDAEIIINTAGVPRTKRPDGTIPTREELLATNLKITDDVAAGITKYCPDAFVISVANPLDAIVFRLYQKMKPSKNKLMGMAGALDSARYRYFVAQAAGVSVENVEAMVLGGHGDTMVPIRSCCRIAGMPVEKFVSEEDLAAIEARTRKAGGEVVGLLGVGSAFVSPAVSALDMVEAIVFDKKKIIPTCVLLEGEYGVNGLFVGVPVIIGKNGIEKIIELDLTDEEKAGFAKSVAAVKKTTDEVLAAAALEHHHHHH*
A31: ESM_MSA_MGYP000930738641 | B31: ESM-MSA | C31: Y | D31: N | E31: N | F31: N | G31: ATGAAAAGAGTCGCGATAATAGGGTCAGGAAACGTGGGAGCTAACACAGCCTTCTTTCTTGCCGAGAATGGAACTGCCTCGGTTACCCTTGTAGATATAAAGGAAGGCTTATCAACGGGAAAGGCGTTAGACTTAATGGAAGCAGGACCGATACGCGGTTACGACACACGTATTAGAGGTACGGACAGAATAGAGGATATCGCAGGGAGTGACGTAGTCGTCGTTGCTGCGGGACGCGTTCGTAGACCTGGGGAGGATCGCTCGGACCTTTATCGTGACAACGCTCCAGTAGTCAGAGGTTTGTGTCGTGAAATTCGTGCGCTTGCTCCGGGAGCCGTAGTAATAAATGTGGTTGAGCCTATAGACTCATTAACACTTCTGATACACGAAGAACTGGGGTTTCCGCGTGAGCGCGTCCTTGGGGTAGGGGGATTGTTGTCATCCACGAGATTACGGTACTTAGTTTCTTCCGCTCTTGGAGTATCCCCCCGGGAAGTCACTGCCTTGGTAATCGGGCCTCATCGGCAGTCCATGGTGGTCTTACAGGACACGATTCGCGTCAGTGGTATACCTGCGGCTCAGCTTCTGGGGGAAGAGCGCTTAGACGCTATTGTGGAAGAAACCAGACGTGCCGGTGACACCATTTTAGAGATGGCGCAACACTCGACAGCTTATTACGCACCTTCCGCCGCAGTGGCAGCTCTGGTGGAGGCTGTGGTCCGTGATACGAGAGCCATTTTGCCAGTCAGCGTGAGATTGGAGGGCGAATACGGGGTCGAAGGTTTGTGTGTGGGGGTTCCCGCGAGAATAGGGGCTGCGGGGGCTGAGCGTATCTTAGAAGTACGGCTTCGGGCAGAAGAAGCCCGGGCTTTCGAGGCAGCAGCCGCAGAACTTAGAGCCGTGTTAGCGCAAGCAGCCGCCCGTCGTGCTGCGGCCGCACTCGAGCACCACCACCACCACCACTGA | H31: MKRVAIIGSGNVGANTAFFLAENGTASVTLVDIKEGLSTGKALDLMEAGPIRGYDTRIRGTDRIEDIAGSDVVVVAAGRVRRPGEDRSDLYRDNAPVVRGLCREIRALAPGAVVINVVEPIDSLTLLIHEELGFPRERVLGVGGLLSSTRLRYLVSSALGVSPREVTALVIGPHRQSMVVLQDTIRVSGIPAAQLLGEERLDAIVEETRRAGDTILEMAQHSTAYYAPSAAVAALVEAVVRDTRAILPVSVRLEGEYGVEGLCVGVPARIGAAGAERILEVRLRAEEARAFEAAAAELRAVLAQAAARRAAAALEHHHHHH*
A32: ESM_MSA_MGYP001005886523 | B32: ESM-MSA | C32: Y | D32: Y | E32: Y | F32: Y | G32: ATGGAATTTTTGACCAACGAAAAACTTACCATTGTCGGCGCAGCCGGAATGATAGGTTCAAACATGGCCCAGACAGCCCTCATGATGAAACTGACCCCCAATATCTGTCTGTACGATCCTTATGGCCCAGCACTGGAAGGTGTTGCTGAAGAATTATATCACTGCGCGTTCGAAGGCGTGAATATCACTTACACAACAGATATTAAAGAAGCCCTGACGGGTGCAAGTTATATAGTGTCTTCCGGCGGTGCAGCTAGAAAAGCTGGTATGACTCGAGAAGATCTTTTAAAGGGAAATGCCGAAATAGCCGCTCAGTTCGGGAAGGACATCCGTGCGTATTGTCCAGATGTTAAGCATGTTGTGGTCGTGTTTAATCCTGCCGATATAACAGGATTAATTACTTTATTGTACAGCGGTCTGAAACCCTCGCAGGTCTCTACTCTTGCGGCACTGGACAGCACCAGACTCCAGAATGAGCTCGTGAAGTATTTTAAGATCCCAGCGTCGGAGATTGTTAACTGCCGTACCTACGGTGGACACGGGGAACAGATGGCGGTCTTTGCCAGTACCACGAAAGTTAATGGCAAACCCCTGAGCGAGATCATTGGTACAGAAGCCCTGCCTGAAAAAGAATGGAATGAGTTGAAGCAACGGGTCATCCAAGGTGGTAAACACATCATTGATCTGCGTGGTCGTTCGTCTTTCCAGTCACCGGCGTATCTTAGCATCGAAATGATAGCCGCAGCAATGGGCGGAAAACCATTCAGATGGCCAGCTGGGGTGTATGTTCATTCCGGTAAGTTCAACCACATCATGATGGCCATGGAAACTACCATAGATAAGAATGGTGTTCACTATAAGGAAGTAAAAGGTACCCCTGAAGAGGAAAAAGAATTAGAAAATAGCTACAATCATCTCTGTAAACTGCGTGACGAGGTCATAGCGATGGGTATCATCCCGCCGATATCTGAGTGGAACAAACTGAATCCAAATATCAAAGCGGCCGCACTCGAGCACCACCACCACCACCACTGA | H32: MEFLTNEKLTIVGAAGMIGSNMAQTALMMKLTPNICLYDPYGPALEGVAEELYHCAFEGVNITYTTDIKEALTGASYIVSSGGAARKAGMTREDLLKGNAEIAAQFGKDIRAYCPDVKHVVVVFNPADITGLITLLYSGLKPSQVSTLAALDSTRLQNELVKYFKIPASEIVNCRTYGGHGEQMAVFASTTKVNGKPLSEIIGTEALPEKEWNELKQRVIQGGKHIIDLRGRSSFQSPAYLSIEMIAAAMGGKPFRWPAGVYVHSGKFNHIMMAMETTIDKNGVHYKEVKGTPEEEKELENSYNHLCKLRDEVIAMGIIPPISEWNKLNPNIKAAALEHHHHHH*
... A37: ESM_MSA_T0BE41 | B37: ESM-MSA | C37: Y | D37: Y | E37: Y | F37: Y | G37: ATGATGAAAATAGCGGTTTTCGGCGCTGGGGGAACTGGGGGTGCCATTGCAGAACTTCTTTTATATGATGGCTTCGGTGAAATCGCACTTATAGACGTAAACGGAGCCTTAGCAGAGGGTAAAGCATTGGATATAGCACAGGCAGGGGTTCTGACGGGTCGTGATTCTCGTATATACGGAGGTAATGATCCGGCAATTTGTGCAGGGGCCGACATTGTGATAATAACGGCAGGCATCGGCCGCCGCCCAGGGATGAGTCGTGAGGATCTGCTTGCGACCAACGCAAAGATTGTGGGCGAAATTTGTGAAGAAATTAAAAAACTGGCTCCAAATGCATTCGTCATCGTATTAACAAATCCGGCCGACATCCTGGCATATGTCACGTGGAAGGCGACTGGATTTCCTGCGAATAAAGTCATGGCGCAGGGGGGAATACTTGATTCTGCTCGCCTGGCCACCTGGATTGCGAAACTCTGCGATGTTAGTCAGTCTGATGTGAGAGCCATGGTCCTTGGGGGGCATGGAGACCACATGCTGCCGGTAAAGTCATTCGCTTCAATCCATGGGATTCCGGCCTCTCTCTTGATGTCAGAAGAAGAATGGCAACAGGCAGTCGAACGTACTCGTAATGGTGGAGGGGAAATCTTAAGCAAATTTGCGACACATGGTGCAGCTATTACTCCAGCACATGCGGTTGTAGCCATGGTTAAAGCTTTGCTGTCACCCATTCCCCAGGTTTTGCCAGTTAGTGTCAGATCCGAAGGAGCCTACGGACTGCCAGAAGATATATTTATTGGCTTACCAGTAAAATTATCTCACAAAGGTGTCGAAGAAATTCTGGAACTCCCGCTGACTGAAGAGGAGCTTGCACAGCTGCATAAAAGTGCCGCGATACTGGATGAAGCGTTTCAGAAATGGCTTAAAGCGGCCGCACTCGAGCACCACCACCACCACCACTGA | H37: MMKIAVFGAGGTGGAIAELLLYDGFGEIALIDVNGALAEGKALDIAQAGVLTGRDSRIYGGNDPAICAGADIVIITAGIGRRPGMSREDLLATNAKIVGEICEEIKKLAPNAFVIVLTNPADILAYVTWKATGFPANKVMAQGGILDSARLATWIAKLCDVSQSDVRAMVLGGHGDHMLPVKSFASIHGIPASLLMSEEEWQQAVERTRNGGGEILSKFATHGAAITPAHAVVAMVKALLSPIPQVLPVSVRSEGAYGLPEDIFIGLPVKLSHKGVEEILELPLTEEELAQLHKSAAILDEAFQKWLKAAALEHHHHHH*
A38: 1 | B38: GAN | C38: Y | D38: N | E38: N | F38: N | G38: ATGAAAAAAATTTCATTGATTGGTGCAGGGCAGATCGGGGGCACGCTGGCACATCACATCATCACGTCCATACTTGCTGATGATGTTGTACTGTTTGATGTCGCAAGTGGAACGGCAAAAGGGAAAGCTCTGGACATTGCCCAATCGTCCCCGGTTAATGGTTTTAACGTCAAACAGCTTGGTACAAACAATTATAAAGACGTTAAAAACTCAGATGTGATCATAATCACGGCCGGAGTCCCACGGCAGCCGGGTATGTCACGCGATGATCTGTTGGGGATAAACTTGAAAATCATTAAACAAGTGGCGGAAGGCATAAAAAATTCCTCGCCGGAGGCCTTTGTAATTTGCATTACAAATCCCCTGGATGTTGTCGTTGCAGCACAGCAGAAATATAGTGGTTTGCCTAAAAACAAAGTCGTCGGTATGGCGGGCATATTAGATACGAGCCGATTTATCTATTTTTTATCTCAAGAGCTGAAAATTCCGGTATCAAAAATCAAATCTATGGTTCTCGGCGGTCATGGTGATACCATGGTTGCCATGCTTGGGTCAACGATAGTCGATGGAAAAAATATATATGACTTTATTAATGACGGCAAGATAAGCAAAGAACGCCTCGAACAGATTGTCGAACGCACAAAAAAGGGCGGTGCCGAGATAGTAAAGCACCTGGAAAAAGGTTCTGCTTATTATGCGCCAGCCGCTAGCGGGGTCGAGATGGCGGAGAGTTTTTTGAAAGATCTCAAGAAGCAGCTTCCATGTGCTGCTTATTTAAATGGCAAATATGGCCCGAAAGACATCTATGCTGGCGTACCGGTCATTATTGGAAGCGATGGTGTAGAGAAGATTGTAGAATTAGGACTGACCGACGAAGAGAAAAAGTTCTTCGATAAATCGATCAACGCTGTCAAAGAACTGTTTGATGCGGCCAAGAAGATTGACCCAACCGCGGCCGCACTCGAGCACCACCACCACCACCACTGA | H38: MKKISLIGAGQIGGTLAHHIITSILADDVVLFDVASGTAKGKALDIAQSSPVNGFNVKQLGTNNYKDVKNSDVIIITAGVPRQPGMSRDDLLGINLKIIKQVAEGIKNSSPEAFVICITNPLDVVVAAQQKYSGLPKNKVVGMAGILDTSRFIYFLSQELKIPVSKIKSMVLGGHGDTMVAMLGSTIVDGKNIYDFINDGKISKERLEQIVERTKKGGAEIVKHLEKGSAYYAPAASGVEMAESFLKDLKKQLPCAAYLNGKYGPKDIYAGVPVIIGSDGVEKIVELGLTDEEKKFFDKSINAVKELFDAAKKIDPTAAALEHHHHHH* | I38: =COUNTIF(C38:C55,"<>N") -> 15 | J38: =COUNTIF(D38:D55,"<>N") -> 3 | K38: =COUNTIF(E38:E55,"<>N") -> 3 | L38: =COUNTIF(F38:F55,"<>N") -> 4
A39: 1284 | B39: GAN | C39: Y | D39: N | E39: N | F39: N | G39: ATGGTGAAAGCCCCGGTGCGTGTAGCCATTACAGGTGCAGCCGGTCAGATTGGTTATGCTCTGTTGCCACGAATAGCAAGCGGCGAGATGTTAGGGAAAGATCAACCCGTTATTCTGCAGCTCCTTGAGATTCCGGACGAAAAGGCTCAGAATGCGCTGAAAGGCGTGATTATGGAATTGGAGGATTGTGCCTTCCCAACACTGCAGGGCATGTCAGCTACCGGAGACCCCATGGCGGCCTTTAAAGATGTTGACATCGCGATTTTAGTTGGCTCTCATCCACGCGGTCAAGGGATGGAACGCCGGGATCTCTTGTCCTTTAATGGTCAAATATTTACCGCTCAGGGTAAGGCATTGGACGACGTAGCGTCACGTGATGTGAAAGTTTTAGTTGTGGGGAACCCCGCTAATACGAATGCCTTTATTGCGATGAAAAGTGCACCTGATCTGCCTTCCAAAAACTTCACCGAAATGCTGCGCCTTGATCATAATAGAGCATGGTCTATGATAGCCGCAAAAACCAGATGCGCTGTAGCGCGCATTGAACGGCTGGTGGTCTGGGGTAACCATTCATCCACTATGTATGCTGATTATCGTTTTGCTTACATTGATGGTGATTCCGTTCTGAAAATGATTAATGATGAGGTTTGGAATCGTGATGTTTTCCTGCCTACCGTAGGTAAACGAGGCGCTGCAGTTATTGAAGCTCGTGGTTTGAGTTCGGCGGCGAGTGCTGCAAACGCGGCAATTGATCATGTGCGCGACTGGATGCTGGGAACAAAAGGACGCTGGGTGACCATGGGTATCCCGAGCCAAGGAAGTTACGACATTCCGAAGGGAGTTATGTTTGGGGTTCCTGTGTCTTGGGAGAACGGCGAATATACAATTGTGGAAGGCCTTCCTATTGACGAGTTCAGTCAGGAATGGATCGCGAAAACTTTAGCCGAATTAATTGATGAACAAGATGGCGTAAAAGATCTGTTAGCGGCCGCACTCGAGCACCACCACCACCACCACTGA | H39: MVKAPVRVAITGAAGQIGYALLPRIASGEMLGKDQPVILQLLEIPDEKAQNALKGVIMELEDCAFPTLQGMSATGDPMAAFKDVDIAILVGSHPRGQGMERRDLLSFNGQIFTAQGKALDDVASRDVKVLVVGNPANTNAFIAMKSAPDLPSKNFTEMLRLDHNRAWSMIAAKTRCAVARIERLVVWGNHSSTMYADYRFAYIDGDSVLKMINDEVWNRDVFLPTVGKRGAAVIEARGLSSAASAANAAIDHVRDWMLGTKGRWVTMGIPSQGSYDIPKGVMFGVPVSWENGEYTIVEGLPIDEFSQEWIAKTLAELIDEQDGVKDLLAAALEHHHHHH*
A40: 1546 | B40: GAN | C40: low | D40: low | E40: low | F40: Y | G40: ATGTCGGCCTCACCCCTTAAAGTTGCCGTAACCGGTGCGGCTGGTCAGATAGGCTATAGCTTGCTGTTCCGTCTGGCAAGTGGTTCACTTCTGGGACCGGATCGTCCCATAGAACTTCGTCTGCTGGAAATAGAGCCGGCCCTGAAAGCACTCGAAGGCGTAGTGATGGAACTCGATGATTGCGCCTTTCCGCTGTTGTCCAAAGTAGAGATAGGCGCCGATCCTAATAAAATCTTTGATGGTGTAAATCTGGCTCTGTTAGTTGGCGCACGGCCAAGAGGGCCCGGAATGGAACGTAGTGATTTATTAGAGGCCAATGGGGCAATATTTACGGCCCAGGGGAAAGCGCTGAATTCTGTCGCGGCGAGTGACATCCGTGTAGGGGTAACGGGCAACCCGGCAAACACCAACGCACTGATAGCAATGACTAATGCACCTGACATCCCCAAAGAGCGTTTCAGTGCGCTCACGCGCCTTGATCATAACCGCGCTATTTCTCAGCTTTCGAAAAAATTGGATGTTCCAGTGACCGAAATTAAGAAAATGACGATTTGGGGGAACCACTCAGCTACTCAGTACCCAGACATTTTTCATGCGGAAATCGGTGGCCGGAATGCGGCAGAGGCCGTGGGCGACCAACAGTGGATTGCCAACGACTTCATACCGACCGTGGCAAAACGCGGTGCGGCTATTATCGATGCACGCGGCTCAAGCTCCGCAGCGAGTGCCGCTTCCGCCACTATCGATGCGGCCCGTGACTGGTTATTGGGTACCGCCAAAGGAGACTGGGTGTCAATGGCCGTGCATTCGGATGGGTCATATGACGTACCAGAAGGTCTGATAAGTTCTTTCCCAGTTACTACGAAGAATGGGGATTATAGTATTGTCCAGGGATTGGAGATTGACGAATTTAGCCGCGGTCGCATCGATAAATCAACCGCCGAACTGATTGATGAGCGTGCGGCGGTAACGGAACTGGGCTTAATCGCGGCCGCACTCGAGCACCACCACCACCACCACTGA | H40: MSASPLKVAVTGAAGQIGYSLLFRLASGSLLGPDRPIELRLLEIEPALKALEGVVMELDDCAFPLLSKVEIGADPNKIFDGVNLALLVGARPRGPGMERSDLLEANGAIFTAQGKALNSVAASDIRVGVTGNPANTNALIAMTNAPDIPKERFSALTRLDHNRAISQLSKKLDVPVTEIKKMTIWGNHSATQYPDIFHAEIGGRNAAEAVGDQQWIANDFIPTVAKRGAAIIDARGSSSAASAASATIDAARDWLLGTAKGDWVSMAVHSDGSYDVPEGLISSFPVTTKNGDYSIVQGLEIDEFSRGRIDKSTAELIDERAAVTELGLIAAALEHHHHHH*
A41: 1564 | B41: GAN | C41: Y | D41: Y | E41: Y | F41: Y | G41: ATGTCCAAAGTAACAGTTGTCGGCGCGGGTAATGTCGGAGCCACTTGCGCAAATGTGCTGGCGTTTAACGAGGTTGCCGATCAGATCGTCATGTTAGATGTTAAGGAAGGCATTAGTGAAGGCAAAGCGTTGGACATGATGCAAACCGCGACGTTGCTGGGCTTTGACAGCCGAGTCGTAGGGTGCACATCGGATTATGCGAAAACGGCAGGATCAGACGTAGTGGTCATCACATCGGGGATCCCACGTAAACCTGGCATGACTCGTGAGGAACTGATCGGTGTAAACGCGGGCATTGTGAAGTCTGTTAGTGAGAACATTTTGAAGTACTCCCCCGATGCCATATTGGTGGTTGTTAGCAATCCGATGGACACTATGACATACCTGACGCTGAAGGCGAGCGGCCTGCCGAAGAACCGGATCATTGGTATGGGCGGGGCCCTTGATTCGTCACGTTTTAAATACTATCTGTCGCAGGCACTTAATGCAAATGCCAATGAAGTTGACGGTGTGGTAATTGGTGGACACGGGGACACCACTATGATCCCTCTGACGCGTTTTGCAAGTTATAAAGGTCGCCCGGTAGCAGACATCCTGGACAAAGAGACACTGGCGAAAGTAGTGGCTGACACGATGGTAGGTGGCGCAACTTTAACTGGGTTGCTCGGTACATCAGCATGGTATGCCCCTGGTGCTGCGGCGGCGTACTTAGTAGAATCCATTTTGCACGATCAAAAAAAAGTCTTTCCGTGTTGCGTCGCACTTGAGGGTGAATATGGACAGAAAGACATCTGTATCGGCGTTCCCGTGGTACTGGGTAAAAACGGCTGGGAAGAGATTATTGATTTTAAATTAAACGCCGAAGAACAGGCTCTGTTCGAGAAAAGCGCAGAAGCCGTGCGTGCGACAAATAATGTCCTGAAAGAGATCGGCGTGTTAGCGGCCGCACTCGAGCACCACCACCACCACCACTGA | H41: MSKVTVVGAGNVGATCANVLAFNEVADQIVMLDVKEGISEGKALDMMQTATLLGFDSRVVGCTSDYAKTAGSDVVVITSGIPRKPGMTREELIGVNAGIVKSVSENILKYSPDAILVVVSNPMDTMTYLTLKASGLPKNRIIGMGGALDSSRFKYYLSQALNANANEVDGVVIGGHGDTTMIPLTRFASYKGRPVADILDKETLAKVVADTMVGGATLTGLLGTSAWYAPGAAAAYLVESILHDQKKVFPCCVALEGEYGQKDICIGVPVVLGKNGWEEIIDFKLNAEEQALFEKSAEAVRATNNVLKEIGVLAAALEHHHHHH*
A42: 1677 | B42: GAN | C42: Y | D42: N | E42: N | F42: N | G42: ATGTCGAAAATCTCCCTGATCGGCGCGGGCCAGATCGGCGGCACATTGGCACACTTGATCGGCTTAAAAGAACTGGTGAATGAAGTTGTTCTTTTCGACGTGGCCAGCGGCGTTGCAAAAGGCAAGGCTCTGGATATCGCTCAGTCGTCATCAGTGGATGGATTTAATGTCAAATTTAGTGGAACAGATAATTATGAGGATATTAAGGACTCAGATGTGATCATTATTACTGCCGGGGTACCGCGCAAACCCGGTATGTCGCGGGATGACCTTTTAGGCATAAATCTGAAAATCATTAAACAGGTCGCGGAAGGGATTAAACAAAATTCCCCGGATGCATTTGTAATATGTATTACAAACCCTTTAGACGTAATGGTTATGGCATTCCAGAAATTTTCTGGGCTGCCTGAGAACAAAGTTGTTGGTATGGCGGGCATTCTGGACTCATCACGATTTAAACTCTTTCTTAGCCTGGAATTCAATATTCCCGTCAAAGAGATTGAGGCGATGGTTATGGGCGGACACGGTGATACAATGGTCCCTCTGCCTCGCTTTACCAAGGTTAGCGGGAAGCCTTTATTAGATTTAGTTAAGGAAGGGAAAATTTCTGCTGAAAAGTTGGAAGAAATTAACCAGCGGACACGTGACGGGGGTGCGGAGATTGTGAAATATCTGGAGAAAGGTAGTGCCTATTATGCACCTGCCGCAAGCGGAGTGGAAATGGCCTCTGCATATTTAAAAGATGAAAAAAAGTTGCTCCCTTGTGCCGCGTATCTCAATGGGGAATACGGCGTATCCAATGTATATGCGGGTGTGCCTGTTATCATTGGTAAAAATGGCGTTGAAAAGATCGAAGAAATTGATCTGGATAAGAAAGAAAAAAAGGAGTTCATTAATAGCATAGATGCGGTTAAAAAATTGTGGGATGCAGCCTCTAAGATTGACACCGATCTGAAGAAGGCGGCCGCACTCGAGCACCACCACCACCACCACTGA | H42: MSKISLIGAGQIGGTLAHLIGLKELVNEVVLFDVASGVAKGKALDIAQSSSVDGFNVKFSGTDNYEDIKDSDVIIITAGVPRKPGMSRDDLLGINLKIIKQVAEGIKQNSPDAFVICITNPLDVMVMAFQKFSGLPENKVVGMAGILDSSRFKLFLSLEFNIPVKEIEAMVMGGHGDTMVPLPRFTKVSGKPLLDLVKEGKISAEKLEEINQRTRDGGAEIVKYLEKGSAYYAPAASGVEMASAYLKDEKKLLPCAAYLNGEYGVSNVYAGVPVIIGKNGVEKIEEIDLDKKEKKEFINSIDAVKKLWDAASKIDTDLKKAAALEHHHHHH*
A43: 2333 | B43: GAN | C43: Y | D43: N | E43: N | F43: N | G43: ATGGAGTACCTGACGAACGAGAAACTGACAATAGTAGGGGCGGCGGGTATGATCGGAAGTAACATGGCGCAGACAGCCATGATGATGCGCCTCACACCTAATATCTGTTTATATGATCCGTACGCTCCAGCGTTAGAAGGGGTAGCCGAAGAATTACACCATTGTGGCTTTGAAGGGGTCAACTGTACTTTCACTAGTGACATTAAAGAAGCTCTGACCGGGGCGAAATATGTGGTTAGTTCAGGCGGGGCTGCCAGAAAAGCAGGCATGACTCGTGAAGATTTATTAAAGGGTAATGCGGCCATCGCGGCACAGTTCGGTAAGGATGTTCGCAGATATTGTCCTGACGTCAAGCACGTGGTCGTGATATTTAACCCGGCAGACATTACTGGATTGATCACATTATTATATTCCGGGCTGAAACCAAGCCAAGTGTCTACTTTGGCGGCACTGGATTCAACGAGACTTCAGTCGGAACTGGCAAAGCATTTTAAAATTCCTGCGTCAGACGTGGAGAATTGCAGAACCTACGGGGGCCACGGAGAACAAATGGCCGTTTTTGCTAGTACAGCGAAAGTAGTGGGTAAAAAACTTACTGATATTATAGGTACACCGGAACTGGAACATACCCAGTGGGAGGCAATTAAACAGAAAGTTATTCAAGGTGGCAAGCATATAATTGATTTACGTGGACGCAGCAGCTTTCAGTCCTGGGCTTATGTATCGATTGAAATGATTGCAGCTGCTATGGGCGGCGAACCTTTTCGTTGGCCCGCCGGTCGCTATGTATCAAATGGAAAGTTTGACCATATAATGATGGCTATGGAGACAGAAATAACAAAAGATGGTGTACATTATAAGGAAGTGAAAGGCACTCCAGCGGAATACGCGGAATTAGAGGAAAGCTATGAGCATTTATGCAAGCTGCGAGATGAAGTTATCGGTATGGGGATTCTGCCGGCCATTAACAAATGGAAAGGATTAAACCCGAACATTAAGGCGGCCGCACTCGAGCACCACCACCACCACCACTGA | H43: MEYLTNEKLTIVGAAGMIGSNMAQTAMMMRLTPNICLYDPYAPALEGVAEELHHCGFEGVNCTFTSDIKEALTGAKYVVSSGGAARKAGMTREDLLKGNAAIAAQFGKDVRRYCPDVKHVVVIFNPADITGLITLLYSGLKPSQVSTLAALDSTRLQSELAKHFKIPASDVENCRTYGGHGEQMAVFASTAKVVGKKLTDIIGTPELEHTQWEAIKQKVIQGGKHIIDLRGRSSFQSWAYVSIEMIAAAMGGEPFRWPAGRYVSNGKFDHIMMAMETEITKDGVHYKEVKGTPAEYAELEESYEHLCKLRDEVIGMGILPAINKWKGLNPNIKAAALEHHHHHH*
A44: 2376 | B44: GAN | C44: N | D44: N | E44: N | F44: N | G44: ATGAAAGTGAGCGTTATTGGCGCCGGCAATGTAGGCGCGACCTGCGCTGATGTAATCGCTCACGGCGAATTCGTGAATGAAGTTGTTTTACTGGACATAAAGGAAGGACTTGCCGAAGGTAAGGCTCTGGACATTTGGTATACCGCTCCAATCAGTCTTTATAGTACACGGACTGTAGGTGTCACCAATGACTATGCCCGGACGGCAAACAGCGACGTAGTGGTTATTACCAGTGGATTGCCCCGCAAACCAGGTATGTCGCGGGATGACTTGATTAGTATAAATGCTAACATTGTCAAGTCCGTTACCGAGAACGTCATACAGCATTCACCTAATGCTGTAATTATTGTCGTCTCGAACCCTCTGGACGTGATGACGTATTGCGCTTATCTTGCAGCTAAGTATCCCGCCAAGAAGGTCTTCGGAATGGCGGGCATATTAGACACGGCACGTTACCGTGCTTTTCTTGCGGAGGAGCTTGGCTGCTCTCCCAAGGATATTCAAGCGGTGTTGATGGGAGGCCACGGGGACACGATGGTACCATTACCGAGATATACTACGGTAGCGGGAATTCCCGTCACCGAATTGATCGCGGCTGATAAGTTAGATGCCATTGTTGATAGAACGAAAAAAGGAGGAGGGGAAATTGTCAATCTTATGGGTACCTCTGCTTGGTATGCCCCAGGCGCTGCCGCTGCACAAATGGCAGAAGCTATCCTGCGCGATGAAAAACGGATATTTCCCTGTTGCGCCAAGCTGCAAGGTGAGTATGGCTTAAAAGACATATACCTGGGTGTTCCTGTTAAGTTGGGGAGAAACGGCATAGAACAGATAATTGAACTGCAATTAAATAACGACGAGATGGATCTGTTGAACTCATCAGCCAAGGCGGTAAAAGAGGTGATGAACGTGTTTGACCGTATGGGAGCAGCTGCGGCCGCACTCGAGCACCACCACCACCACCACTGA | H44: MKVSVIGAGNVGATCADVIAHGEFVNEVVLLDIKEGLAEGKALDIWYTAPISLYSTRTVGVTNDYARTANSDVVVITSGLPRKPGMSRDDLISINANIVKSVTENVIQHSPNAVIIVVSNPLDVMTYCAYLAAKYPAKKVFGMAGILDTARYRAFLAEELGCSPKDIQAVLMGGHGDTMVPLPRYTTVAGIPVTELIAADKLDAIVDRTKKGGGEIVNLMGTSAWYAPGAAAAQMAEAILRDEKRIFPCCAKLQGEYGLKDIYLGVPVKLGRNGIEQIIELQLNNDEMDLLNSSAKAVKEVMNVFDRMGAAAAALEHHHHHH*
A45: 4495 | B45: GAN | C45: Y | D45: N | E45: N | F45: N | G45: ATGCGCAGTAAAGTAACGGTGGTGGGGGCAGGTAATGTAGGTGCAACGACGGCGCAGAGAATCTGTCAGCTGGGCTGGGCGGATGTTGTGCTGGTAGATGTTGTAGAAGATCTTCCGCAAGGGAAAGCTCTCGATCTGCTTGAATCGGGTCCTGTTATTGGTTCCGATGCTAAAATTACTGGTAGCAACGGCTATGAAGAGTCCGCGGGCTCAGACGTAGTAGTTATAACCGCAGGTGTGGCGCGCCGTCCGGGCATGTCGCGCGATGACCTGCTGCTCAAAAATATGCGGATAACGAGTTCGGTTACCGAAGAGGTGGTTAAACATTCACCGAATTGCATTATTATTGCAGTGACGAATCCACTGGACGCTATGGTTCAGTGGGTTTATGAAACGAGTGGGTTTCCACGGAATCGCGTTTTCGGCATGGCAGGAGTGTTAGATAGCGCTCGCTTTCGCACCTTTGTAGCACAAGAACTGGACGTGAGTGTAGAGGACATTACAGCGTTTGTGCTGGGTGGCCATGGAGATGAAATGGTTCCCCTGGTAAGATATACTACCGTGGCCGGGATACCCGTGACAGAGCTCATTGACCCTGATAAAGTGGAGGCACTTGTTCAGCGGACCCGCGATGGGGGTGGAGAGATTGTGGCCTTGCTTAAACAAGGAAGCGCATATTATGCGCCATCAGCTGCTATTACTCAGATGGCTGAAGCAATCCTGCTGGATAAGAAACGCATTTTGCCGGCATGGGCGTACTTGGAGGGCGAGTATGGTATTAACGGCCTTTTTGTCGGTGTGCCGGTTAAACTTGGGGCTCAGGGACTTGAACAGATCATTGAAATTAAGTTGACAGAGGATGAACAAGCGGCGCTGCAAGCTTCTGCGGCCTCTGTACAGGAACTGGTCGGAGTGTTAAAAAAATCTAAGGCCGAAGGTGCGGCCGCACTCGAGCACCACCACCACCACCACTGA | H45: MRSKVTVVGAGNVGATTAQRICQLGWADVVLVDVVEDLPQGKALDLLESGPVIGSDAKITGSNGYEESAGSDVVVITAGVARRPGMSRDDLLLKNMRITSSVTEEVVKHSPNCIIIAVTNPLDAMVQWVYETSGFPRNRVFGMAGVLDSARFRTFVAQELDVSVEDITAFVLGGHGDEMVPLVRYTTVAGIPVTELIDPDKVEALVQRTRDGGGEIVALLKQGSAYYAPSAAITQMAEAILLDKKRILPAWAYLEGEYGINGLFVGVPVKLGAQGLEQIIEIKLTEDEQAALQASAASVQELVGVLKKSKAEGAAALEHHHHHH*
A46: 5239 | B46: GAN | C46: Y | D46: N | E46: N | F46: N | G46: ATGTCTAAATCCGGTAAGGTTACCGTGGTTGGGGCCGGGAAACACGGCAGTACCACAGCACTGCGGCTCGCCGAATATGATATCTTTGAAACAGTCGTGTTAACAGATATTGTGGAAGGTAAACCAGAAGGGATTGCTCTTGACATCAATCAGTCACGGTCTATCGAAGGTTTCGAGACCAAAGTAATCGGCGCGACCACCACGGCCGAAGGGGGTGGCTATGAAAAAACCGCAAATAGCGACGTGGTCCTGATAACGGCTGGTCTGCCGCGCAAACCAGGTATGTCACGCATGGATCTGATCGGCGTTAATGCAGGCATCGTTCGTGGTGTTGCGCGTCAGATCGCCAAACATTCACCCAATGCGGTGGTTATTGTGGTAAGTAATCCTCTTGACGAAATGACGGCTCTGGCACAAATAGCGGCCAAGTTTCCGTGGAATAAAGTGATGTATCAGGCAGGCATGCTGGATACCGCCCGCTTTACGAATTTCGTCGCTGAGAAATGGCAAATTCCGGTATCTGCTGTCAAAACCCTGGAACTTGGTAGCCATGGAGAAACGATGGTGCCCGTCCCTTCCCGATGCCTGGTGGACGGGAAACCTTTGTCAGAGAAAGTCTCTCAGGATAAGATTGCCGAACTGGATGAGCGCACCCGGAATGGGGGTGCCGAAGTGGTTGCGCTGGCGAAGTATGGGTCTGCGTACTATGCCCCGTCTGCCGCAAAAGCGAGAATGGCCCGGATCGTGGTAGAGGACAGTGGTGCGGTAATGCCGGTTTGTGCATATGTCCTCGAAGAATACGGAATATGGGTTGTATATTTAGGCGTCGAAGCCGAGATTGCGCGGACCGGCTGCAAAAAAGTCGTTGAAAACGCACTGACTATGTTTGAAATTTCTCATGAAAAAGTAGCCGCCGAAGCAGTGCGCTGCAAACAAGCCGACGTGAAAAACCTGGCGGCCGCACTCGAGCACCACCACCACCACCACTGA | H46: MSKSGKVTVVGAGKHGSTTALRLAEYDIFETVVLTDIVEGKPEGIALDINQSRSIEGFETKVIGATTTAEGGGYEKTANSDVVLITAGLPRKPGMSRMDLIGVNAGIVRGVARQIAKHSPNAVVIVVSNPLDEMTALAQIAAKFPWNKVMYQAGMLDTARFTNFVAEKWQIPVSAVKTLELGSHGETMVPVPSRCLVDGKPLSEKVSQDKIAELDERTRNGGAEVVALAKYGSAYYAPSAAKARMARIVVEDSGAVMPVCAYVLEEYGIWVVYLGVEAEIARTGCKKVVENALTMFEISHEKVAAEAVRCKQADVKNLAAALEHHHHHH*
A47: 5425 | B47: GAN | C47: Y | D47: N | E47: N | F47: N | G47: ATGACAAGACCTAAAATTACACTGATAGGCGGTGGTCAGATCGGTGGTAACCTGGCGTTATTAGCAGCACAGAAAGAGTTAGGTGATATCTTGATCTTTGATATCCCGCAGGCCGCCGGTATGGTAAAAGGTAAAGCCTTGGATCTGATGCAATTACGGCCGCACGATGGATACGATTCTGATATAGCAGGCACTTCCAATTGGGATGATATGAAAGATAGCGATGTATTTATCATAACTGCGGGTATTCCACGTAAGCCGGGGATGAATAGAGAGGATCTCTTGGGCATCAACCTGGATATTATTACCGATGTTGTGCCTAATATCAAGAAATTTGCGCCAAATTCTTTTGTTATAGTGGTAAGTAATCCGTTGGACGCCATGGTCTACGCTTTTCATAAAGTTTCCGGCTTTGCAAAAAACCAGGTAGTGGGCATGGCGGGAGCGCTGGATTCAGCCCGTTTTCGGCACCAGCTGGCCATGGAGACGGGATTTTCTGTTCAGGATGTACATTGTATGGTACTGGGTGGTCACGGGGATACCATGGTCCCGATCAGTCGCCTTGCCACCATCGGAGGTGTACCAGTAAACTCGCTCATAAAACCAAACCGGTTAAAAGAGATTGAAGACCGCACACGTGTTGCAGGCGGAGAAATAATTAAACTGTTCGGCAATGGCTCTGCTTTCTATGCGCCTGCTCAGAGCGCTATTGAGATGGCGGAATCCTTTATCCGCGATAAAAAACGTGTTATTCCGTGCGCTTCCTTGGCCGAAGGTGAATTCGGTATCTACGGTTATTTTAAAGGTGTGCCCACAGTTATAGGTTCAAAAGGTGTAGAAAAAATCTTATCCTTCTCCCTTTCAAATGAGGAGAAAGATGAATCTAATGACACCCTGGACGCTGTGGAACAAACGGTAGCCGAGAACCGTTTAGCGGCCGCACTCGAGCACCACCACCACCACCACTGA | H47: MTRPKITLIGGGQIGGNLALLAAQKELGDILIFDIPQAAGMVKGKALDLMQLRPHDGYDSDIAGTSNWDDMKDSDVFIITAGIPRKPGMNREDLLGINLDIITDVVPNIKKFAPNSFVIVVSNPLDAMVYAFHKVSGFAKNQVVGMAGALDSARFRHQLAMETGFSVQDVHCMVLGGHGDTMVPISRLATIGGVPVNSLIKPNRLKEIEDRTRVAGGEIIKLFGNGSAFYAPAQSAIEMAESFIRDKKRVIPCASLAEGEFGIYGYFKGVPTVIGSKGVEKILSFSLSNEEKDESNDTLDAVEQTVAENRLAAALEHHHHHH*
A48: 6143 | B48: GAN | C48: Y | D48: N | E48: N | F48: N | G48: ATGAATAAAAAACCGATTCGTGTGGCCGTGACTGGTGCCGCCGGGCAAATTGGATATTCGCTTCTCTTTCGCATCGCGTCTGGGTCGATGTTCGGGCCTGAACAGCCGGTTATCCTGCATCTCATCGAGATAGAGCCAGCTTTGCCCGCCCTGAACGGTGTTGTGATGGAATTAGAAGACTGCGCCTTCCCTCTCTTAAAGGGAATAGTAGCCACCTCCAACTTGGATGAAGGTTTTGACGGAGTCAATTGGGCATTGCTTGTGGGCAGCGTACCTCGCAAACAAGGGATGGAACGAAAAGACCTGCTGGGTATCAACGGTAAAATTTTCATAGGGCAAGGTCAGGCGATTGAAAAGAACGCTGCCAGCGATGTACGTATCTTGGTCGTTGGCAATCCTTGTAATACGAATTGCTTAATTGCCATGAATAACGCTCGTCAGATTCCCAAAGATCGCTGGTTTGCTATGACCCGCCTCGACGAGAATCGTGCGAAAACACAGCTCGCTAAAAAGGCATCGGTCGATGTATCAGCAGTTAGTAACTTGGCTGTATGGGGTAATCACAGTTCGACACAGTACCCGGATTGGTATAACGCAAAAATCCAGTCCCGTCCGGCCACGGCCGTTATAAATGATGAAAAATGGCTTAAAGGAGAATTTTTGCCGTCGGTTCAGAAGCGTGGCGCGGCAGTTATCAAAGCTCGGGGTGCATCGTCGGCAGCAAGTGCAGCAAATGCCATTGTCGATACCGTAAAATCAATTATTAATCCTACCCCGAGCTCCGACTGGCATAGCGTTGCACTTTGCTCCGATGGTGAATACGGGATTGAAAAGGGCTTGATTTCTAGTTTCCCTGTTAGAAAAAACGGAAAAAAGGTCGAAATTGTTCAGGGTCTGGATATTAACGAATTTTCGCGCGCAAAAATTGATGCGACAATTAACGAATTGAAGGAAGAAAAATCTCTGGTCGGCGAACTGCTGGGGCAGGCGGCCGCACTCGAGCACCACCACCACCACCACTGA | H48: MNKKPIRVAVTGAAGQIGYSLLFRIASGSMFGPEQPVILHLIEIEPALPALNGVVMELEDCAFPLLKGIVATSNLDEGFDGVNWALLVGSVPRKQGMERKDLLGINGKIFIGQGQAIEKNAASDVRILVVGNPCNTNCLIAMNNARQIPKDRWFAMTRLDENRAKTQLAKKASVDVSAVSNLAVWGNHSSTQYPDWYNAKIQSRPATAVINDEKWLKGEFLPSVQKRGAAVIKARGASSAASAANAIVDTVKSIINPTPSSDWHSVALCSDGEYGIEKGLISSFPVRKNGKKVEIVQGLDINEFSRAKIDATINELKEEKSLVGELLGQAAALEHHHHHH*
A49: 6770 | B49: GAN | C49: Y | D49: N | E49: N | F49: N | G49: ATGGCCCGTCCTAAAATTGCCTTAATCGGCTCTGGTCAGATTGGCGGTACGTTGGCCCATCTGGCTGCCATGAAGGAATTAGGTGACGTGGTGTTATTTGACATTGCAGAAGGCACACCACAAGGAAAGGCATTAGATATCGCTGAATCTGGTCCTTATGAAGGGTTCGATGCTGCTATGAAAGGGACCACCGACTATGCAGACATTGCCGGCGCCGATGTTTGGATTGTAACCGCTGGTGTCGCCCGCAAACCAGGCATGTCTCGCGATGATCTGCTTGGAATAAATTTGAAAGTTATGAAGAGTGTAGGTGAAGGCATTGCAGCGAATGCGCCCGATGCATTCGTTATATGTATTACCAATCCATTAGATGCTATGGTGTGGGCATTACGGCAGTTCTCAGGCCTGCCGCACTGGAAGGTTTATGGTATGGCGGGTGTGCTGGATAGCGCACGATTTCGACATTTTCTGGCGGAGGAATTCGATGTAAGTTTACGTGATGTGACGGCTTTCGTGCTCGGGGGACATGGTGATACCATGGTCCCGTTGGCGCGATATTCAACTGTCGCCGGCATTCCTTTACCTGATTTGGTAGAAATGGGCTGGACTACTCAGGACAAACTGGATCAAATTATACAACGCACACGGGACGGTGGTGCCGAAATTGTAGGACTTCTCAAGACAGGTAGTGCGTTCTATGCGCCGGCCGCGTCAGCGATTGAGATGGCGGAGGCGTACCTGAAAGACCAGAAGCGCGTTCTCCCTTGCGCTGCGTATGTTGATGGTGCGTATGGTGTAAAAGACATGTATGTGGGAGTACCGACAATTATTGGTGCTGGCGGTATTGAGCGTGTAGTTGAGATCAAGTTAAACAAAGATGAACAGGAAATGTTTGATACTTCGGTGGACGCTGTGAAAGGCTTGCTGGAAGCATGCAAAGGCATAGATGGCTCGCTGGCCGCGGCCGCACTCGAGCACCACCACCACCACCACTGA | H49: MARPKIALIGSGQIGGTLAHLAAMKELGDVVLFDIAEGTPQGKALDIAESGPYEGFDAAMKGTTDYADIAGADVWIVTAGVARKPGMSRDDLLGINLKVMKSVGEGIAANAPDAFVICITNPLDAMVWALRQFSGLPHWKVYGMAGVLDSARFRHFLAEEFDVSLRDVTAFVLGGHGDTMVPLARYSTVAGIPLPDLVEMGWTTQDKLDQIIQRTRDGGAEIVGLLKTGSAFYAPAASAIEMAEAYLKDQKRVLPCAAYVDGAYGVKDMYVGVPTIIGAGGIERVVEIKLNKDEQEMFDTSVDAVKGLLEACKGIDGSLAAAALEHHHHHH*
A50: 6992 | B50: GAN | C50: N | D50: N | E50: N | F50: N | G50: ATGGTCGTTGCGGTGGTGGCCGGGTCGTCCGGGGGGATAGGTCAGCCTCTCTCATTGTTGTTGAAAAGCGATCCGTATATTGATGAACTGGCACTGTATGATGTCGTTTCGACGCCTGGTGTTGCGACTGACGTTCACCACTGGTCTTCCATAGCCATTGTGACGGGTTATTTGCCAACCGACGATGGTATGAAGAAAGCTTTGACCGGTGCCGATATAGTCGTTATTCCTGCCGGAATTCCACGGAAACCGGGCATGACGCGGGACGATTTGTTTAAAATTAACGCCGGGATCGTACGTGGACTGATCGAAGGTGTGGCAGATTATTGGCCAAAAGCTTTTGTTCTGATCATTTCGAATCCAGTGAATAGCACTGTACCCATAGCCGCGGAAGTGCTGAAGCGCGCGGGCGTTCATAACCCAAGACGCCTGTTTGGAGTCACGACACTGGATGTTGTGCGCGCCGAGACTTTTGTGGCCGAAATAACTGGGCCGAAAAACCCCAGCAAATTAACCATTCCAGTTGTCGGTGGCCATAGCGGCGAAACTATTGTTCCCTTAGTTAGCCAGGCCACTCCGGCAGTTTCAATTCCGGCGGATAAACTGGATGCCTTGGTAAACCGCGTTCAATTTGGCGGAGATGAGGTAGTGAAGGCAAAAGACGGTGCAGGCTCGGCAACTCTGAGTATGGCGTACGCAGGCTTTAGATTCGCTGAAAAAGTTATCCGAGCGGCGAAAGGCGACTCAGGTATTGTTGAACCGAGTCAGGTATACCTCCCCGGCGTCCCTGGTGGGGAAGAAATATCAAAAGCGACAGGTGTAGATTGCTTCAGTGTACCCGTGGAGCTTGGTCCGGATGGGGCAGAGAAAGCGATTGATGTTGTAGCGTGGGCAAACGAGTTTGAAAAAGAATTACTGCAAGCTTATTACAATGGCCTGAAGGGAAATATAGAGAAAGGAATTGAGTTTGTTCTGAACCCTCCACAACAGGCGGCCGCACTCGAGCACCACCACCACCACCACTGA | H50: MVVAVVAGSSGGIGQPLSLLLKSDPYIDELALYDVVSTPGVATDVHHWSSIAIVTGYLPTDDGMKKALTGADIVVIPAGIPRKPGMTRDDLFKINAGIVRGLIEGVADYWPKAFVLIISNPVNSTVPIAAEVLKRAGVHNPRRLFGVTTLDVVRAETFVAEITGPKNPSKLTIPVVGGHSGETIVPLVSQATPAVSIPADKLDALVNRVQFGGDEVVKAKDGAGSATLSMAYAGFRFAEKVIRAAKGDSGIVEPSQVYLPGVPGGEEISKATGVDCFSVPVELGPDGAEKAIDVVAWANEFEKELLQAYYNGLKGNIEKGIEFVLNPPQQAAALEHHHHHH*
... A55: 9625 | B55: GAN | C55: Y | D55: N | E55: N | F55: N | G55: ATGACCACGACGATCACCTTGACGTACGCTAAGGGGCAAATAGGTTACGCGCTTCTGTTTCGTATCGCGGCCCTGGGGATGCTCGGACCCGATGAACACGTTCGCCTCCGCCTGCTTGAAATCCCTCAGGGATTAGGCGCCGCGGAGGGTGCTGCCCTGGACCTGCAGGACGGCGCGTTTGGATTGCTGGAACATGTTGAAGTTAGCGATGATGCAGCGGTGGGTTTCGATGGCTGCGAATACGCGCTGCTTGTGGGTGCGCGGTTCCGGGGCCCAGGTATGGAACGCGCAGATCTCCTTGCGGCTAACGCAGGTATTTTTGGCCCGCAGGGGCGCGCCATCGCGGCCCACGCAGCTCCAGGCGTCAGAGTAATGGTTGTTGGTAATCCGGCAAATACGCGCGCTCTGATTGCAGCCGCTTCTGCCGATGGCGTGCCAGCGGAACGTTTAACTGCACTCACTCGTTTGGATCAGAATCGCGCTCGTGCGCAGCTTGCTCAGACGCTGGGTGTTCCGGTCGGCCAGGTTAGAGCCGTGCCTATCGGGGGAAATCACTCTGCCACTCAGGCGCCGGATATTAGTAAAGCAACAGTCGGCGGCCGACCAGCCTCTGAAGCGCTTGAAAAAATTGTTGGGGATGTTGTTGCTTGGACCCATTCAACCTTTATTCCACGGGTAGGGAAACACGGCGCGGAAATAATTCAGGTTCGCGGTTCTAGCTCGGTCGCGAGTGCCGCGACGGCCACCTTGGACCACGTCCGGGATTGGGTCCGTGGCGCCGAGGATTGGACAAGCGCAGGAGTTGTGAGTAATGGTGAATACGGTGTCCCGGAGGGATTGGTTAGTTCTTTTCCAGTCCGAAGTGTGGATGGTGAATGGCAGATTGTACCAGGACTGGAACCAGATGCCTGGGCTCGCTCTAGAATTGACGCCAGTGTAGCCGAACTGGTGGTGGAGCGAGAAGCGGTTCGGGCATTGGCGGCCGCACTCGAGCACCACCACCACCACCACTGA | H55: MTTTITLTYAKGQIGYALLFRIAALGMLGPDEHVRLRLLEIPQGLGAAEGAALDLQDGAFGLLEHVEVSDDAAVGFDGCEYALLVGARFRGPGMERADLLAANAGIFGPQGRAIAAHAAPGVRVMVVGNPANTRALIAAASADGVPAERLTALTRLDQNRARAQLAQTLGVPVGQVRAVPIGGNHSATQAPDISKATVGGRPASEALEKIVGDVVAWTHSTFIPRVGKHGAEIIQVRGSSSVASAATATLDHVRDWVRGAEDWTSAGVVSNGEYGVPEGLVSSFPVRSVDGEWQIVPGLEPDAWARSRIDASVAELVVEREAVRALAAALEHHHHHH*
A56: A0A194XJ13 | B56: test | C56: Y | D56: Y | E56: Y | F56: Y | G56: ATGGGTATAAAAGCCGTTGTTGCCGGCGCTTCCGGTGGAATCGGTCAGCCGCTGAGCCTGCTTCTTAAAACTAGCCCCCTCATTTCAGAGTTAGCTTTGTATGATGTCGTTAATACGCCAGGAGTTGCGGCCGACTTATCCCATATATCTTCCCCAGCAAAAATCACCGGATATCTGCCTAAAGACGATGGTGCGAAACTGGCGATGAAGGATGCAGACATTGTTGTCATTCCCGCTGGCATTCCCAGAAAGCCGGGCATGACCCGCGATGATCTGTTCAATATAAACGCTGGAATCGTTAAAGGTCTGATTGAAGTGATAGCGGAAGTGGCCCCAAAAGCCTATATTCTGATAATTTCCAATCCGGTGAACTCAACGGTACCAATCGCCGCAGAAGTACTTAAAGCTAAAGGCGTTTTTGATCCAAAACGACTGTTCGGAGTCACAACTCTGGACGTGGTACGAGCCGAAACCTTCGTTGCAGAAATTATTGGGGAGAAAAATCCTCAGAGTCTCACTATACCTGTGATCGGAGGCCATAGCGGTGAGACGATCGTACCCTTGTTCTCTCAGGCCAAACCGTCGGTAGATATACCGGCAGATAAAATGCCGGCCTTGGTAAAGCGTGTGCAATTCGGTGGGGACGAGGTAGTTGCTGCCAAAGATGGAGCGGGTTCCGCCACGTTATCCATGGCATATGCAGGTTTCAGATTCGCAGAAGCGGTATTAAAGGGACTGAACGGTGAGAAAAATATTGTAGAACCTAGCTTTGTATACCTGCCGGGTGTCTCAGGGGGAGAAGCGATCCACAAGGAAACAGGGTGTGATTTCTTTTCAGTACCTGTGGAGCTGGGTACGAGTGGAGTCGAAAAAGTTTTTAACCCACTTACCAACATTAACGATGCTGAAAAAACGCTCCTTAAAGCATGCGTCGAGGGATTGAAAGGGAATATTGCAAAAGGGGTGAGCTTTGCACATAACCCGCCTCAGAAAGCGGCCGCACTCGAGCACCACCACCACCACCACTGA | H56: MGIKAVVAGASGGIGQPLSLLLKTSPLISELALYDVVNTPGVAADLSHISSPAKITGYLPKDDGAKLAMKDADIVVIPAGIPRKPGMTRDDLFNINAGIVKGLIEVIAEVAPKAYILIISNPVNSTVPIAAEVLKAKGVFDPKRLFGVTTLDVVRAETFVAEIIGEKNPQSLTIPVIGGHSGETIVPLFSQAKPSVDIPADKMPALVKRVQFGGDEVVAAKDGAGSATLSMAYAGFRFAEAVLKGLNGEKNIVEPSFVYLPGVSGGEAIHKETGCDFFSVPVELGTSGVEKVFNPLTNINDAEKTLLKACVEGLKGNIAKGVSFAHNPPQKAAALEHHHHHH* | I56: =COUNTIF(C56:C73,"<>N") -> 18 | J56: =COUNTIF(D56:D73,"<>N") -> 15 | K56: =COUNTIF(E56:E73,"<>N") -> 15 | L56: =COUNTIF(F56:F73,"<>N") -> 14
A57: A0A1Y2GMR5 | B57: test | C57: Y | D57: Y | E57: Y | F57: Y | G57: ATGGTAAAAGTTGTGGTTTGTGGGGCGGCCGGTGGAATTGGGCAACCGCTGAGCTTGCTGCTGAAACAGAGTGACCTTATTTCCCACCTGGCTCTGTATGATATAGTCAACGCCATTGGAGTGGCAGCCGATCTCAGTCATATTAATACCGCTTCAAAAGTAACTGGCCATGTTGGAGCGGGTGCGCTCGCAGAAGCCTTACAAGGAGCCCACACAGTTGTTATACCAGCGGGGGTGCCCCGCCGTCCGGGGATGACGCGCGACGATTTATTCAAAGTGAATGCTTCAATCGTTCGCGATCTCGCCCAAGCATGTGCGGAACATTGCCCGAAAGCCTTCATTTTGGTAATTAGTAATCCCGTGAATAGTACAGTTCCGATTGTGTGCGAAGTCCTTAAGAAAGCGAATGTCTTTGATCCCCGTAGAGTATTTGGTGTGACAACCCTCGATGTGGTTCGTTCGAGCCGCTTTGTTCATGAAGTAAAACCACAGTTTGAACCACATGAAATAGCGAACCGGATCACAGTGGTCGGTGGCCATTCAGGTGCCACCATCGTTCCGATTTTGTCTAAAATAAACCAGCAACCGCATAACCAAAGCATCTCTTTTACCCCGGAAGAAATTAAAACATTAACGCACCGCATTCAGTTTGGTGGAGACGAAGTGGTGAAGGCAAAGGATGGGGCAGGGAGCGCCACTCTTTCGATGGCATACGCGGGTGCAAGATTCACACTTTCCCTTCTGGAAGCTAGCGTACGTGGAAAAAGAGGCGTTGTGGAAAGCACATTTGTGCATTTACCAGGAAATCCCGGAAGTGAATGGAATCAGCGGTTCACAGGTCTGGATTATTTCGCTCAAGACGTGGAACTGGGTCCGGATGGAGTGGCAAAGGTCTTAGCGCTGCCGGAATTATCAACGGAGGAACAGGCCTTGGTCAAGATAGCCATTAACGAATTAAAGGGGAATGTGACCAAGGGAGTGAAGTTTATTACGGAGCCGCAGCCGGGTGCCCCACCAGCGGCTAAGTTGGCGGCCGCACTCGAGCACCACCACCACCACCACTGA | H57: MVKVVVCGAAGGIGQPLSLLLKQSDLISHLALYDIVNAIGVAADLSHINTASKVTGHVGAGALAEALQGAHTVVIPAGVPRRPGMTRDDLFKVNASIVRDLAQACAEHCPKAFILVISNPVNSTVPIVCEVLKKANVFDPRRVFGVTTLDVVRSSRFVHEVKPQFEPHEIANRITVVGGHSGATIVPILSKINQQPHNQSISFTPEEIKTLTHRIQFGGDEVVKAKDGAGSATLSMAYAGARFTLSLLEASVRGKRGVVESTFVHLPGNPGSEWNQRFTGLDYFAQDVELGPDGVAKVLALPELSTEEQALVKIAINELKGNVTKGVKFITEPQPGAPPAAKLAAALEHHHHHH*
A58: A0A2I0QLR6 | B58: test | C58: low | D58: low | E58: low | F58: Y | G58: ATGTCGAAAATCTCTGTAATTGGAGCTGGCGGTAGAGTGGGATCTAGTTGCGTACGCAACATTGCAGAGATTTTGGGTAAAAACGGAAATGAAAATACAAAAAATACAATCGCAATGATAGATATCCCGCAAGCCCTGAACTTGATGAAAGGTATGGCGATAGATATTAAAGACGCTGTGATGAACGATGTAGAGATCTTTGTGTCCGACAACCGCGCCGATATCATCGAAAGTGACATTATTGTTATTACTGCTGGTAAACCTAGAGGACCGGGGATGACCCGCGAACAGCTGTTGTCCGAAAACGCAGCGATCATCAAAGTTATTGCAGAAGATATCGCCAAATTCAGTCCTGACAGTAAGGTGATCGTTGTTAGCAACCCTCTCGACATTATGAGCTATGTGGCATATACCACAATGCACAAGATTTCAAATAAGACTTCTAAGGAAATAATGGGAATGGGGGGGGTTCTGGATAGCATGCGCTACCGAAAATTTATTGCGGAGGTGTTCAACTGCGGGTTGAAAGACGTCTCAGGAGCCATTGTATTGGGCATCCATGGGGAAGGTATGGTGCCGATTGAATCTACGGTGCGTCTGAAACGGTCGAAAATAAAGGAAGAAGATAAAGAAAAATTGGATGAGGCGGTAAAAAAAACGACCTCAGCAGGTAAGACCATTGCGGATTTTGGAGCATCTGCCTATTTCGCTCCGGGCGTTGCAGTTGCGAAGATGGTAAACGCAATCATTAAAGATACAAAAGAAATTCTCCCATGTTCGGTGTTCGCTAACGGTAATTACGGTATAAATGATGATCTGTTTGTCGGACTGCCGGTCCGAATTGGAAAGGACGGTGTTGAAGAAATCGCAGATTTGAAAATTTCTGACGAAGAAAAAGTTAAAATTAAATCCGCAGCGGAGATCCTGAAAGATAATTTAACTCAAATTAAAGCGGCCGCACTCGAGCACCACCACCACCACCACTGA | H58: MSKISVIGAGGRVGSSCVRNIAEILGKNGNENTKNTIAMIDIPQALNLMKGMAIDIKDAVMNDVEIFVSDNRADIIESDIIVITAGKPRGPGMTREQLLSENAAIIKVIAEDIAKFSPDSKVIVVSNPLDIMSYVAYTTMHKISNKTSKEIMGMGGVLDSMRYRKFIAEVFNCGLKDVSGAIVLGIHGEGMVPIESTVRLKRSKIKEEDKEKLDEAVKKTTSAGKTIADFGASAYFAPGVAVAKMVNAIIKDTKEILPCSVFANGNYGINDDLFVGLPVRIGKDGVEEIADLKISDEEKVKIKSAAEILKDNLTQIKAAALEHHHHHH*
